{
      "type": "Feature",
      "id": "regioes_administrativas.33",
      "geometry": {
        "type": "MultiPolygon",
        "coordinates": [
          [
            [
              [163359.5316, 8234835.8903],
              [163378.4454, 8234827.9536],
              [163387.6069, 8234814.5972],
              [163393.3669, 8234811.0772],
              [163398.2569, 8234809.2072],
              [163402.1169, 8234808.2372],
              [163405.1969, 8234808.0472],
              [163413.2515, 8234808.1706],
              [163416.7669, 8234808.8173],
              [163421.007, 8234809.1973],
              [163427.0592, 8234814.4839],
              [163429.8756, 8234822.9331],
              [163435.1411, 8234826.2393],
              [163441.378, 8234825.262],
              [163441.3878, 8234825.2564],
              [163456.5458, 8234813.2727],
              [163464.6102, 8234808.9949],
              [163475.1155, 8234807.3156],
              [163497.3384, 8234809.5567],
              [163525.43, 8234816.84],
              [163536.8775, 8234816.5487],
              [163606.9197, 8234807.5302],
              [163624.286, 8234801.022],
              [163699.8467, 8234761.7058],
              [163722.2219, 8234754.4626],
              [163748.198, 8234752.2633],
              [163778.9211, 8234755.0447],
              [163792.71, 8234753.0689],
              [163827.796, 8234733.7149],
              [163836.2509, 8234732.0279],
              [163855.1909, 8234732.7486],
              [163864.6198, 8234731.4168],
              [163922.5258, 8234707.1896],
              [163973.4113, 8234683.0343],
              [164032.4593, 8234650.5132],
              [164057.8968, 8234646.3809],
              [164121.0465, 8234628.8653],
              [164204.2144, 8234608.9093],
              [164261.0857, 8234599.3004],
              [164305.1433, 8234597.6673],
              [164399.0663, 8234600.9936],
              [164427.7682, 8234603.6999],
              [164446.3674, 8234607.7439],
              [164484.9123, 8234622.7871],
              [164518.4327, 8234642.5066],
              [164676.448, 8234772.0226],
              [164691.4073, 8234786.0493],
              [164720.0562, 8234818.591],
              [164732.0919, 8234829.5715],
              [164764.9873, 8234853.9692],
              [164791.6155, 8234869.029],
              [164808.7744, 8234876.6684],
              [164833.7895, 8234884.8984],
              [164934.6495, 8234908.9973],
              [164958.0514, 8234910.9584],
              [164969.7842, 8234909.9953],
              [164981.419, 8234907.0978],
              [164984.1443, 8234906.419],
              [164999.8422, 8234899.1297],
              [165011.4462, 8234897.756],
              [165027.4073, 8234901.3969],
              [165032.6518, 8234905.3064],
              [165035.7796, 8234909.6255],
              [165038.6, 8234913.52],
              [165041.6873, 8234912.7131],
              [165043.0208, 8234909.8505],
              [165048.0757, 8234905.2782],
              [165069.2764, 8234901.1782],
              [165097.586, 8234898.7611],
              [165129.133, 8234889.1378],
              [165146.0691, 8234884.7095],
              [165153.5952, 8234886.2851],
              [165158.5165, 8234908.9697],
              [165183.4249, 8234924.4035],
              [165200.3704, 8234934.9032],
              [165220.638, 8234940.8886],
              [165225.1715, 8234943.7459],
              [165228.5386, 8234945.0035],
              [165231.2768, 8234946.442],
              [165232.0183, 8234946.8315],
              [165235.1691, 8234945.178],
              [165236.04, 8234942.9145],
              [165236.7166, 8234940.8949],
              [165237.8365, 8234936.5716],
              [165232.7375, 8234925.5094],
              [165230.394, 8234910.5457],
              [165225.4189, 8234894.1164],
              [165221.7842, 8234887.1819],
              [165220.7632, 8234880.1038],
              [165223.2594, 8234872.068],
              [165227.3553, 8234868.23],
              [165230.1259, 8234867.1849],
              [165235.8556, 8234865.0235],
              [165240.4457, 8234855.9126],
              [165243.5366, 8234843.4101],
              [165246.8068, 8234829.3001],
              [165247.5177, 8234826.2328],
              [165248.247, 8234820.0783],
              [165248.0993, 8234815.4042],
              [165248.0039, 8234812.3853],
              [165247.1124, 8234806.3118],
              [165246.3542, 8234801.1774],
              [165246.2051, 8234800.1681],
              [165246.08, 8234799.3207],
              [165245.573, 8234798.9324],
              [165216.3497, 8234776.1222],
              [165209.7826, 8234762.4897],
              [165206.638, 8234746.2117],
              [165208.5267, 8234739.2367],
              [165220.8535, 8234718.7127],
              [165219.2769, 8234704.1298],
              [165224.6002, 8234694.0587],
              [165225.0061, 8234690.4617],
              [165214.8699, 8234675.3365],
              [165214.2536, 8234670.8091],
              [165228.0044, 8234628.5145],
              [165232.8538, 8234606.5743],
              [165237.2024, 8234597.3374],
              [165245.4369, 8234586.3296],
              [165252.2782, 8234579.6222],
              [165269.9273, 8234569.1533],
              [165277.6882, 8234557.3268],
              [165275.4175, 8234549.0374],
              [165270.2418, 8234541.8266],
              [165246.5364, 8234532.8771],
              [165238.9186, 8234524.9541],
              [165240.1605, 8234520.2495],
              [165258.357, 8234493.7413],
              [165263.0474, 8234481.9535],
              [165266.5505, 8234462.1734],
              [165266.8349, 8234431.8262],
              [165268.6752, 8234421.2161],
              [165275.9488, 8234413.2226],
              [165290.1141, 8234408.1416],
              [165300.6644, 8234410.0399],
              [165306.8298, 8234422.1284],
              [165321.1834, 8234428.1549],
              [165335.8635, 8234426.8381],
              [165348.3669, 8234418.5976],
              [165349.2876, 8234413.2664],
              [165339.7487, 8234386.2208],
              [165338.5942, 8234368.6351],
              [165342.971, 8234362.216],
              [165362.06, 8234351.34],
              [165369.09, 8234339.11],
              [165381.5, 8234326.64],
              [165381.96, 8234322.12],
              [165378.75, 8234317.85],
              [165373.55, 8234314.56],
              [165370.9, 8234310.01],
              [165372.66, 8234303.53],
              [165376.37, 8234299.6],
              [165393.66, 8234293.54],
              [165404.07, 8234282.74],
              [165420.23, 8234261.55],
              [165424.018, 8234254.0295],
              [165425.69, 8234250.71],
              [165433.97, 8234241.74],
              [165442.79, 8234234.75],
              [165464.22, 8234224.2],
              [165472.19, 8234218.05],
              [165493.02, 8234196.04],
              [165500.47, 8234184.09],
              [165498.81, 8234180.26],
              [165488.51, 8234177.77],
              [165484.02, 8234174.34],
              [165480.82, 8234168.38],
              [165481.3, 8234162.3],
              [165484.59, 8234158.23],
              [165500.52, 8234146.78],
              [165540.36, 8234131.3],
              [165547.05, 8234125.99],
              [165549.51, 8234119.94],
              [165549.32, 8234109.62],
              [165542.45, 8234086.66],
              [165540.72, 8234073.93],
              [165541.79, 8234065.32],
              [165565.72, 8234044.18],
              [165570.9, 8234033.35],
              [165577.61, 8234009.52],
              [165575.71, 8234000.18],
              [165578.14, 8233997.23],
              [165597.8, 8233995.28],
              [165606.06, 8233988.57],
              [165611.09, 8233978.86],
              [165613.87, 8233968.29],
              [165612.9638, 8233952.9287],
              [165621.09, 8233934.58],
              [165628.83, 8233921.5],
              [165648.81, 8233899.34],
              [165650.74, 8233889.33],
              [165648.98, 8233879.7],
              [165640.16, 8233871],
              [165637.37, 8233866.88],
              [165636.97, 8233863.2],
              [165644.79, 8233842.64],
              [165663.6, 8233823.86],
              [165668.75, 8233816.84],
              [165672.83, 8233802.75],
              [165698.42, 8233786.15],
              [165704.12, 8233780.69],
              [165714.84, 8233767.07],
              [165722.3, 8233753.71],
              [165724.79, 8233743.7],
              [165724.91, 8233730.84],
              [165705.55, 8233665.94],
              [165697.37, 8233647.08],
              [165696.06, 8233636.18],
              [165697.17, 8233621.49],
              [165702.95, 8233607.13],
              [165726.4243, 8233569.5987],
              [165730.9716, 8233558.2419],
              [165728.9838, 8233546.3653],
              [165716.0455, 8233533.8008],
              [165713.3211, 8233528.2276],
              [165713.6743, 8233523.1694],
              [165719.096, 8233512.579],
              [165735.21, 8233489.83],
              [165746.6, 8233464.06],
              [165752.02, 8233458.32],
              [165758.39, 8233457.67],
              [165765.52, 8233465.93],
              [165774.1109, 8233484.2509],
              [165788.1256, 8233496.5146],
              [165794.8056, 8233498.7109],
              [165800.9537, 8233498.7001],
              [165811.6, 8233497.56],
              [165824.21, 8233493.86],
              [165836.63, 8233495.94],
              [165844.51, 8233499.69],
              [165850.11, 8233506.52],
              [165855.8, 8233518.3],
              [165856.57, 8233526.79],
              [165844.77, 8233551.42],
              [165842.14, 8233560.72],
              [165842.08, 8233567.22],
              [165844.04, 8233569.92],
              [165847.42, 8233571.08],
              [165870.34, 8233568.6],
              [165901.6404, 8233561.4513],
              [165937.4042, 8233565.2427],
              [165942.0753, 8233566.9025],
              [165942.7454, 8233580.066],
              [165945.1689, 8233588.8917],
              [165957.01, 8233612.32],
              [165984.09, 8233634.74],
              [165991.9, 8233646.83],
              [165992.85, 8233651.22],
              [165991.83, 8233655.3],
              [165989.55, 8233657.26],
              [165985.85, 8233659.63],
              [165979.06, 8233660.71],
              [165970.87, 8233660.49],
              [165953.26, 8233653.55],
              [165950.43, 8233653.95],
              [165943.98, 8233663.79],
              [165943.35, 8233671.27],
              [165949.942, 8233678.6946],
              [165960.73, 8233686.75],
              [165968.504, 8233688.4292],
              [166003.15, 8233685.79],
              [166029.13, 8233688],
              [166057.54, 8233687.82],
              [166084.47, 8233679.72],
              [166094.49, 8233680.65],
              [166099.84, 8233683.38],
              [166123.95, 8233705.78],
              [166151.19, 8233726.66],
              [166176.56, 8233749.91],
              [166197.07, 8233763.94],
              [166206.87, 8233775.05],
              [166210.19, 8233782.57],
              [166222.98, 8233791.16],
              [166252.86, 8233800.05],
              [166259.66, 8233798.83],
              [166262.81, 8233794.06],
              [166262.73, 8233786.85],
              [166253.61, 8233763.59],
              [166253.52, 8233757.23],
              [166258.91, 8233755.16],
              [166267.22, 8233758.34],
              [166277.03, 8233768.32],
              [166301, 8233806.26],
              [166307.32, 8233811.12],
              [166313.67, 8233812.73],
              [166321.61, 8233809.55],
              [166328.06, 8233799.15],
              [166332.77, 8233777.57],
              [166336.2, 8233773.07],
              [166345.42, 8233769.2],
              [166356.58, 8233770],
              [166376.7, 8233779.93],
              [166383.27, 8233788.33],
              [166381.92, 8233797.22],
              [166376.7676, 8233804.3833],
              [166362.58, 8233815.69],
              [166358.86, 8233820.75],
              [166360.07, 8233827.97],
              [166368.06, 8233836.23],
              [166378.76, 8233840],
              [166390.5, 8233839.54],
              [166397.46, 8233835.5],
              [166404.79, 8233821.57],
              [166411.85, 8233821.49],
              [166417.48, 8233825.08],
              [166417.84, 8233831.58],
              [166402.27, 8233850.38],
              [166393.25, 8233864.15],
              [166392.64, 8233868.67],
              [166398.68, 8233873.1],
              [166411.68, 8233873.93],
              [166422.02, 8233871.33],
              [166434.94, 8233864.66],
              [166448.51, 8233863.51],
              [166463.47, 8233866.61],
              [166490.94, 8233876.88],
              [166501.87, 8233887.57],
              [166503.93, 8233894.24],
              [166504.81, 8233906.82],
              [166508.26, 8233915.75],
              [166514.58, 8233920.33],
              [166537.12, 8233929.01],
              [166542.87, 8233933.72],
              [166556.6275, 8233952.8764],
              [166562.8066, 8233957.7696],
              [166571.1298, 8233961.4072],
              [166570.3114, 8233968.1177],
              [166571.4725, 8233971.3188],
              [166579.8394, 8233978.3246],
              [166590.63, 8233983.3348],
              [166599.7379, 8233984.8824],
              [166611.8056, 8233983.814],
              [166637.6998, 8233976.618],
              [166668.2148, 8233963.9736],
              [166679.6584, 8233959.2318],
              [166714.0661, 8233938.3798],
              [166741.8194, 8233931.1717],
              [166745.8779, 8233930.1176],
              [166751.1356, 8233930.6687],
              [166756.9865, 8233934.3439],
              [166768.9935, 8233950.5263],
              [166780.3665, 8233958.9315],
              [166785.1755, 8233959.5624],
              [166806.9452, 8233956.0795],
              [166815.3829, 8233958.0054],
              [166822.2237, 8233962.0682],
              [166826.7551, 8233967.0889],
              [166829.7975, 8233973.6159],
              [166832.8859, 8233996.3511],
              [166836.6035, 8234004.854],
              [166852.4532, 8234011.8557],
              [166867.7734, 8234011.2874],
              [166873.904, 8234013.2133],
              [166877.306, 8234016.0763],
              [166881.4222, 8234024.4534],
              [166890.2, 8234036.4],
              [166896.4297, 8234053.744],
              [166903.03, 8234072.12],
              [166905.96, 8234076.81],
              [166908.5351, 8234078.6412],
              [166932.93, 8234095.99],
              [166952.34, 8234122.3],
              [166954.83, 8234128.4],
              [166951.76, 8234140.25],
              [166953.4, 8234146.48],
              [166995.2, 8234183.45],
              [167004.93, 8234185.51],
              [167012.85, 8234185.3],
              [167028.19, 8234192.36],
              [167058.66, 8234215.24],
              [167067.0171, 8234220.2798],
              [167081.9721, 8234229.2987],
              [167086.9519, 8234235.1874],
              [167100.123, 8234250.7628],
              [167126.48, 8234265.43],
              [167131.24, 8234270],
              [167135.93, 8234283.61],
              [167140.06, 8234312.05],
              [167146.41, 8234329.35],
              [167160.05, 8234353.35],
              [167166.92, 8234359.91],
              [167175.6828, 8234362.9255],
              [167203.3959, 8234372.4622],
              [167209.9196, 8234380.534],
              [167211.1711, 8234382.6734],
              [167221.12, 8234399.68],
              [167221.24, 8234434.73],
              [167222.61, 8234439.54],
              [167239.16, 8234454.53],
              [167259.96, 8234467.71],
              [167277.74, 8234471.12],
              [167290.31, 8234471.37],
              [167298.35, 8234473.98],
              [167310.8532, 8234480.9456],
              [167316.91, 8234484.32],
              [167320.53, 8234490.43],
              [167322.17, 8234497.23],
              [167324.04, 8234525.51],
              [167327.62, 8234535.86],
              [167340.08, 8234550.38],
              [167345.8776, 8234562.5109],
              [167355.34, 8234582.31],
              [167367.26, 8234593.02],
              [167383.62, 8234629.62],
              [167398.26, 8234684.16],
              [167401.75, 8234703.98],
              [167405.48, 8234713.63],
              [167423.75, 8234725.67],
              [167443.53, 8234741.25],
              [167451.09, 8234749.38],
              [167457.42, 8234753.25],
              [167468.15, 8234754.06],
              [167480.21, 8234749.64],
              [167492.88, 8234739.58],
              [167500.24, 8234738.23],
              [167504.18, 8234739.97],
              [167513.7115, 8234752.1297],
              [167520.79, 8234761.16],
              [167532.07, 8234794.76],
              [167533.93, 8234808.34],
              [167533.78, 8234824.74],
              [167530.96, 8234854.96],
              [167532.6537, 8234860.1167],
              [167539.9, 8234882.18],
              [167548.08, 8234899.63],
              [167565.46, 8234916.05],
              [167586.27, 8234943.66],
              [167619.68, 8234968.13],
              [167641.5875, 8234980.6627],
              [167676.91, 8235000.87],
              [167685.19, 8235007.31],
              [167689.51, 8235014.56],
              [167689.5897, 8235023.1537],
              [167689.6918, 8235034.1736],
              [167698.41, 8235063.17],
              [167703.43, 8235071.85],
              [167720.5098, 8235088.3876],
              [167731.5421, 8235099.0697],
              [167737.1634, 8235107.5019],
              [167740.1804, 8235115.5235],
              [167740.2994, 8235122.1571],
              [167737.9627, 8235131.2964],
              [167727.06, 8235145.58],
              [167723.4969, 8235151.8865],
              [167719.755, 8235157.9425],
              [167718.7137, 8235159.6279],
              [167715.45, 8235164.91],
              [167714.8, 8235174.67],
              [167711.27, 8235189.07],
              [167712.51, 8235193.47],
              [167720.64, 8235201.74],
              [167723.8837, 8235215.0969],
              [167727.5071, 8235233.7214],
              [167753.7948, 8235272.3939],
              [167764.8924, 8235298.3453],
              [167770.7459, 8235322.7531],
              [167785.38, 8235341.76],
              [167786.0629, 8235350.7733],
              [167784.1207, 8235361.7548],
              [167786.1797, 8235378.1489],
              [167792.7981, 8235392.2935],
              [167815.3578, 8235440.508],
              [167831.5056, 8235465.6112],
              [167832.4051, 8235472.3577],
              [167834.3614, 8235487.031],
              [167840.3162, 8235512.5972],
              [167844.9987, 8235525.4202],
              [167851.065, 8235535.9518],
              [167863.0516, 8235548.3624],
              [167876.5233, 8235552.5677],
              [167887.0092, 8235559.6525],
              [167901.4298, 8235563.0461],
              [167918.0996, 8235564.0678],
              [167925.9901, 8235564.5514],
              [167932.9768, 8235568.321],
              [167962.89, 8235584.46],
              [167967.4, 8235589.14],
              [167975.35, 8235608.86],
              [167979.48, 8235613.67],
              [167986.08, 8235615.51],
              [167996.31, 8235615.03],
              [168002.78, 8235616.61],
              [168007.55, 8235620.38],
              [168020.18, 8235635.72],
              [168032.63, 8235663.35],
              [168037.41, 8235667],
              [168044.8754, 8235670.32],
              [168062.1, 8235677.98],
              [168071.01, 8235683.58],
              [168078.49, 8235691.38],
              [168083.7457, 8235702.7046],
              [168085.5544, 8235707.0918],
              [168091.3646, 8235722.7582],
              [168096.8054, 8235726.8106],
              [168108.379, 8235730.7148],
              [168128.3035, 8235735.4048],
              [168143.1546, 8235738.6954],
              [168147.0072, 8235740.1853],
              [168168.6389, 8235754.2931],
              [168176.2302, 8235757.7724],
              [168195.896, 8235763.2863],
              [168200.9106, 8235765.3739],
              [168214.8716, 8235786.6907],
              [168219.009, 8235796.3625],
              [168223.3883, 8235808.4937],
              [168231.1168, 8235817.6196],
              [168235.1563, 8235826.135],
              [168240.8756, 8235832.1998],
              [168242.9927, 8235835.3628],
              [168251.6577, 8235846.2047],
              [168256.5345, 8235850.7787],
              [168260.6046, 8235854.5158],
              [168264.0149, 8235856.4392],
              [168272.6005, 8235858.1662],
              [168287.0785, 8235864.1503],
              [168292.4457, 8235867.0999],
              [168302.3755, 8235876.0863],
              [168313.1613, 8235887.2063],
              [168317.9018, 8235896.9991],
              [168322.8823, 8235902.7278],
              [168332.5837, 8235906.5109],
              [168335.6361, 8235908.5778],
              [168357.8913, 8235926.7547],
              [168374.4691, 8235938.0558],
              [168395.7617, 8235947.82],
              [168412.0444, 8235952.8616],
              [168419.6132, 8235957.2031],
              [168429.434, 8235960.1299],
              [168435.272, 8235960.6969],
              [168446.1422, 8235966.7728],
              [168458.6208, 8235991.8039],
              [168463.486, 8236002.7408],
              [168464.1992, 8236011.3787],
              [168462.1474, 8236019.6358],
              [168465.7623, 8236026.7872],
              [168470.8457, 8236030.4223],
              [168479.0799, 8236030.9921],
              [168484.5668, 8236030.1405],
              [168502.6788, 8236028.118],
              [168523.1445, 8236028.8508],
              [168524.4641, 8236028.8981],
              [168544.2103, 8236041.9632],
              [168549.4584, 8236045.588],
              [168564.8451, 8236056.2153],
              [168570.24, 8236059.0938],
              [168587.9274, 8236068.5311],
              [168596.2979, 8236073.6145],
              [168611.3991, 8236086.8502],
              [168617.4905, 8236088.6914],
              [168637.966, 8236084.1907],
              [168643.7726, 8236085.6228],
              [168652.6216, 8236090.5459],
              [168655.1055, 8236091.0299],
              [168664.7483, 8236092.9086],
              [168666.3475, 8236095.0389],
              [168667.1549, 8236096.1146],
              [168668.9804, 8236097.3107],
              [168669.88, 8236097.8928],
              [168670.6737, 8236098.2103],
              [168671.6262, 8236098.6336],
              [168672.7904, 8236098.8982],
              [168673.3725, 8236099.0041],
              [168673.7958, 8236099.5332],
              [168674.4837, 8236100.0095],
              [168675.4362, 8236100.1153],
              [168676.3358, 8236100.2211],
              [168676.7592, 8236100.4857],
              [168677.6587, 8236101.2795],
              [168679.1703, 8236101.466],
              [168705.2517, 8236087.4497],
              [168711.5027, 8236084.0904],
              [168828.1847, 8236021.385],
              [168860.3404, 8236004.1044],
              [168876.7037, 8235995.3107],
              [168904.56, 8235975.3081],
              [168919.8754, 8235964.3107],
              [168930.1384, 8235952.7673],
              [168951.9029, 8235928.2875],
              [168963.0131, 8235915.7911],
              [168969.2193, 8235908.8107],
              [169006.2193, 8235859.8107],
              [169011.7503, 8235832.2191],
              [169018.5476, 8235798.3106],
              [169115.2123, 8235720],
              [169324.2149, 8235550.6816],
              [169324.4402, 8235550.4991],
              [169340.8517, 8235537.2037],
              [169374.1794, 8235510.2041],
              [169384.6008, 8235501.7615],
              [169392.566, 8235495.3087],
              [169395.6932, 8235492.7752],
              [169397.7483, 8235491.1103],
              [169398.5703, 8235490.4444],
              [169408.7377, 8235482.7566],
              [169439.8921, 8235459.2],
              [169447.92, 8235453.13],
              [169507.8193, 8235406.0016],
              [169553.1699, 8235370.32],
              [169630.7739, 8235309.2616],
              [169732.5612, 8235229.176],
              [169879.24, 8235113.77],
              [169920.55, 8235081.95],
              [169931.33, 8235075.52],
              [169942.7284, 8235074.2671],
              [169946.8366, 8235075.555],
              [169947.6501, 8235075.8101],
              [169978.9601, 8235115.6901],
              [170019.9063, 8235163.9439],
              [170066.8589, 8235219.2759],
              [170076.1837, 8235230.0533],
              [170083.6701, 8235238.0848],
              [170102.2474, 8235258.8557],
              [170117.3233, 8235275.5434],
              [170144.9589, 8235301.669],
              [170168.5038, 8235322.4848],
              [170187.0677, 8235336.0823],
              [170206.1267, 8235347.702],
              [170230.1852, 8235359.8974],
              [170241.8186, 8235365.5837],
              [170253.7452, 8235370.32],
              [170262.3627, 8235373.7422],
              [170274.2504, 8235377.1596],
              [170289.5148, 8235382.3166],
              [170316.9013, 8235390.164],
              [170372.017, 8235401.7511],
              [170391.6882, 8235405.0682],
              [170406.5055, 8235406.8545],
              [170428.2204, 8235405.3234],
              [170450.7779, 8235403.453],
              [170471.8616, 8235399.5189],
              [170493.6402, 8235394.8906],
              [170517.0408, 8235389.568],
              [170574.3417, 8235372.0059],
              [170579.137, 8235370.32],
              [170630.6294, 8235352.2166],
              [170670.9118, 8235337.3035],
              [170684.629, 8235331.1433],
              [170694.4118, 8235327.1074],
              [170703.0094, 8235322.6113],
              [170721.7372, 8235312.9284],
              [170735.1772, 8235304.1257],
              [170772.8042, 8235275.5752],
              [170788.2081, 8235264.1785],
              [170794.0291, 8235259.8719],
              [170796.5073, 8235258.0381],
              [170841.9656, 8235227.5079],
              [170854.698, 8235218.424],
              [170887.3597, 8235199.5345],
              [170902.1684, 8235191.2641],
              [170928.4419, 8235176.7909],
              [170942.0191, 8235168.1597],
              [171018.2271, 8235119.7127],
              [171023.1622, 8235116.5752],
              [171169.0017, 8235025.2201],
              [171176.9115, 8235020.2654],
              [171268.0673, 8234963.2479],
              [171282.346, 8234954.3166],
              [171367.3789, 8234901.4205],
              [171378.7059, 8234894.3744],
              [171393.2426, 8234885.1484],
              [171407.7793, 8234875.7712],
              [171417.195, 8234868.7598],
              [171462.9095, 8234841.6399],
              [171470.757, 8234836.9843],
              [171562.4822, 8234781.9235],
              [171589.536, 8234766.1494],
              [171662.0113, 8234722.1166],
              [171695.2972, 8234700.6427],
              [171807.758, 8234628.4922],
              [171850.8889, 8234602.6486],
              [171889.4811, 8234577.6121],
              [171953.28, 8234537.2248],
              [172047.1232, 8234477.8182],
              [172085.1645, 8234454.3333],
              [172096.9046, 8234447.0855],
              [172099.7134, 8234445.4512],
              [172113.2119, 8234437.5973],
              [172121.4447, 8234430.3231],
              [172128.7277, 8234427.6347],
              [172135.2101, 8234423.7817],
              [172149.3737, 8234415.3628],
              [172154.7363, 8234412.1755],
              [172156.2615, 8234412.4212],
              [172173.765, 8234410.8495],
              [172187.1662, 8234409.6461],
              [172206.0486, 8234403.5444],
              [172222.5594, 8234395.0356],
              [172244.9919, 8234381.1711],
              [172287.12, 8234355.1338],
              [172404.0497, 8234282.8653],
              [172481.1589, 8234235.2079],
              [172518.7217, 8234211.9923],
              [172580.9129, 8234173.5549],
              [172840.4183, 8234013.1667],
              [172873.0579, 8233992.9937],
              [172951.2426, 8233949.0586],
              [173010.8727, 8233921.262],
              [173067.1094, 8233899.1873],
              [173169.4212, 8233868.3193],
              [173175.0445, 8233867.0517],
              [173214.7196, 8233858.1078],
              [173372.4317, 8233838.9824],
              [173385.2941, 8233838.2222],
              [173437.834, 8233837.2275],
              [173533.1026, 8233843.5138],
              [173542.9022, 8233844.1605],
              [173560.1019, 8233846.8555],
              [173568.3634, 8233848.1501],
              [173581.7288, 8233850.2443],
              [173629.4341, 8233857.7194],
              [173678.1347, 8233868.7971],
              [173679.0997, 8233869.0166],
              [173735.46, 8233886.8787],
              [173822.3691, 8233914.4225],
              [173866.9879, 8233930.6697],
              [173895.1471, 8233940.9235],
              [173981.4608, 8233972.3534],
              [173994.1639, 8233981.0286],
              [174004.4678, 8233988.0655],
              [174010.0466, 8233990.2761],
              [174019.1525, 8233991.6893],
              [174032.3902, 8233993.7437],
              [174115.6656, 8234032.322],
              [174153.3234, 8234053.8221],
              [174206.3211, 8234087.4137],
              [174233.6967, 8234107.8675],
              [174294.4891, 8234153.2891],
              [174324.7574, 8234178.511],
              [174348.7983, 8234200.669],
              [174382.79, 8234231.9985],
              [174438.2509, 8234292.1105],
              [174453.9418, 8234309.1172],
              [174482.5525, 8234344.6845],
              [174530.0828, 8234410.559],
              [174536.496, 8234420.8439],
              [174579.8242, 8234490.3298],
              [174592.4309, 8234513.3581],
              [174627.8801, 8234578.1125],
              [174650.2419, 8234618.9606],
              [174692.8599, 8234696.8103],
              [174694.3551, 8234699.5416],
              [174700.6546, 8234706.2547],
              [174717.4821, 8234729.9085],
              [174835.804, 8234584.2286],
              [174953.5439, 8234445.6528],
              [175050.4477, 8234331.551],
              [175123.8697, 8234242.254],
              [175197.2917, 8234156.9257],
              [175327.5993, 8234002.8056],
              [175446.0006, 8233861.9147],
              [175539.2664, 8233752.4431],
              [175619.303, 8233657.8544],
              [175684.1261, 8233582.448],
              [175754.5715, 8233498.1119],
              [175787.3138, 8233458.4243],
              [175867.0197, 8233365.8199],
              [175952.0172, 8233266.9317],
              [176060.4966, 8233137.2856],
              [176267.3681, 8232894.3095],
              [176308.3786, 8232841.6573],
              [176421.7263, 8232711.7466],
              [176528.6182, 8232582.1005],
              [176609.5809, 8232480.7649],
              [176617.8158, 8232471.7488],
              [176683.2283, 8232400.1318],
              [176706.3762, 8232370.8312],
              [176805.5905, 8232259.5105],
              [176926.5523, 8232122.2537],
              [177144.0403, 8231873.0157],
              [177263.103, 8231754.7468],
              [177367.8782, 8231664.2591],
              [177455.1909, 8231596.7902],
              [177544.8848, 8231534.0838],
              [177632.9913, 8231478.5212],
              [177764.754, 8231406.2898],
              [177890.8723, 8231345.1709],
              [177996.7059, 8231300.1917],
              [178141.1687, 8231250.9791],
              [178273.7252, 8231215.7894],
              [178368.7108, 8231195.9456],
              [178379.7618, 8231194.355],
              [178375.8913, 8231179.2222],
              [178375.6834, 8231178.4799],
              [178373.4193, 8231170.3965],
              [178372.7052, 8231167.8469],
              [178358.9736, 8231118.8217],
              [178351.1164, 8231090.7691],
              [178309.2943, 8230941.4533],
              [178285.001, 8230854.72],
              [178229.4934, 8230656.5434],
              [178172.5505, 8230453.2421],
              [178122.8535, 8230275.8108],
              [178118.666, 8230263.8108],
              [178118.1329, 8230262.6581],
              [178116.3535, 8230258.8108],
              [178111.2597, 8230246.8107],
              [178106.0566, 8230235.8107],
              [178100.7597, 8230224.8107],
              [178095.4628, 8230212.8107],
              [178088.9628, 8230198.8107],
              [178083.7597, 8230187.8107],
              [178078.666, 8230176.8107],
              [178073.8535, 8230164.8107],
              [178070.8536, 8230156.8107],
              [178066.3536, 8230145.8107],
              [178059.2598, 8230129.8106],
              [178053.5567, 8230118.8106],
              [178047.4629, 8230107.8106],
              [178041.4629, 8230097.8106],
              [178040.1277, 8230095.4429],
              [178035.2598, 8230086.8106],
              [178032.2598, 8230080.8106],
              [178027.2598, 8230068.8106],
              [178018.8536, 8230055.8106],
              [178009.1661, 8230047.8106],
              [178002.8143, 8230042.2922],
              [178002.4324, 8230041.9605],
              [178002.4256, 8230041.9453],
              [177991.124, 8230016.8273],
              [177976.6022, 8229984.5524],
              [177952.1438, 8229936.2186],
              [177938.9088, 8229906.3469],
              [177923.2557, 8229883.7261],
              [177900.9741, 8229857.3663],
              [177894.3817, 8229851.7983],
              [177888.9123, 8229845.7906],
              [177881.9024, 8229829.7099],
              [177870.7496, 8229812.6461],
              [177855.9801, 8229770.9053],
              [177818.2046, 8229696.603],
              [177799.6828, 8229645.032],
              [177795.0514, 8229630.4662],
              [177779.5967, 8229581.8606],
              [177751.1677, 8229516.8081],
              [177722.0815, 8229382.4394],
              [177699.279, 8229249.8483],
              [177680.8715, 8229161.1399],
              [177677.1341, 8229137.8362],
              [177674.3903, 8229092.2801],
              [177668.6641, 8229071.4312],
              [177660.6269, 8229054.4849],
              [177652.5271, 8229046.4619],
              [177612.9244, 8229026.1918],
              [177586.1654, 8229017.2695],
              [177577.4685, 8229011.1525],
              [177571.9899, 8229004.5128],
              [177569.2451, 8228986.8599],
              [177563.2559, 8228976.2639],
              [177553.7429, 8228974.5113],
              [177529.5939, 8228979.1651],
              [177521.0537, 8228978.4758],
              [177516.5868, 8228976.5147],
              [177511.8933, 8228971.8701],
              [177509.6024, 8228959.0806],
              [177504.362, 8228953.8105],
              [177498.2667, 8228952.2674],
              [177481.7304, 8228953.6097],
              [177474.7473, 8228951.2616],
              [177472.9411, 8228947.5851],
              [177475.3091, 8228940.3034],
              [177470.8062, 8228930.9508],
              [177469.7653, 8228923.0185],
              [177462.9414, 8228912.9875],
              [177461.4689, 8228896.08],
              [177460.6851, 8228887.0808],
              [177456.9848, 8228875.8244],
              [177438.2139, 8228853.7305],
              [177416.0108, 8228822.3532],
              [177398.4962, 8228805.7345],
              [177383.9945, 8228796.2236],
              [177369.6448, 8228790.6169],
              [177293.6802, 8228777.8835],
              [177286.2229, 8228772.2165],
              [177278.9245, 8228757.4601],
              [177274.7509, 8228752.3357],
              [177254.6162, 8228746.1983],
              [177247.9169, 8228741.5657],
              [177233.1935, 8228721.6521],
              [177232.6476, 8228720.9138],
              [177217.4941, 8228704.9428],
              [177207.9446, 8228702.415],
              [177189.5636, 8228705.996],
              [177178.267, 8228704.6501],
              [177168.6004, 8228696.1572],
              [177159.267, 8228682.0024],
              [177141.8376, 8228656.4466],
              [177115.8298, 8228630.0347],
              [177093.6594, 8228609.5869],
              [177068.9309, 8228587.4352],
              [177038.233, 8228558.8934],
              [177023.4277, 8228547.36],
              [177000.8557, 8228529.7763],
              [176993.149, 8228517.5468],
              [176982.644, 8228500.8766],
              [176975.9374, 8228489.0253],
              [176973.5701, 8228476.1466],
              [176973.8332, 8228461.691],
              [176975.0908, 8228446.0741],
              [176977.6887, 8228433.5921],
              [176978.4986, 8228428.4507],
              [176978.1936, 8228425.652],
              [176977.1583, 8228423.744],
              [176968.6482, 8228418.2247],
              [176962.2889, 8228416.3645],
              [176943.0365, 8228410.7329],
              [176935.4024, 8228404.6547],
              [176930.9613, 8228403.2234],
              [176928.4117, 8228402.4017],
              [176908.5051, 8228402.1009],
              [176896.9641, 8228406.5891],
              [176892.1964, 8228406.8188],
              [176890.5302, 8228408.6545],
              [176891.2431, 8228412.5726],
              [176888.9846, 8228414.5609],
              [176884.1751, 8228414.3423],
              [176875.646, 8228410.349],
              [176870.1879, 8228403.3845],
              [176867.4118, 8228396.3088],
              [176859.391, 8228387.4049],
              [176857.4448, 8228376.5608],
              [176853.7178, 8228371.853],
              [176847.725, 8228369.0111],
              [176827.903, 8228364.7055],
              [176825.074, 8228360.7378],
              [176818.4228, 8228351.4092],
              [176801.8628, 8228334.2005],
              [176799.9319, 8228332.769],
              [176772.945, 8228312.7611],
              [176752.1994, 8228297.3804],
              [176731.354, 8228276.5582],
              [176722.001, 8228272.3745],
              [176697.9004, 8228266.492],
              [176686.3741, 8228259.9453],
              [176683.7282, 8228253.4432],
              [176682.5042, 8228232.545],
              [176663.4241, 8228211.8921],
              [176658.7389, 8228203.6612],
              [176653.1211, 8228153.3562],
              [176649.9971, 8228141.7707],
              [176645.7279, 8228136.3808],
              [176638.3487, 8228132.7691],
              [176630.8013, 8228132.9833],
              [176611.8739, 8228142.8616],
              [176605.0911, 8228142.9214],
              [176590.7776, 8228133.0791],
              [176588.5785, 8228131.567],
              [176563.6414, 8228106.5924],
              [176518.717, 8228071.2484],
              [176501.8735, 8228060.3743],
              [176461.158, 8228041.8062],
              [176444.98, 8228031.6],
              [176410.5697, 8227999.4189],
              [176394.7476, 8227980.9407],
              [176363.0319, 8227943.9007],
              [176334.2306, 8227915.1967],
              [176328.3747, 8227910.6021],
              [176266.6544, 8227862.1761],
              [176248.6482, 8227851.3075],
              [176213.4761, 8227835.5956],
              [176198.1383, 8227825.315],
              [176169.6954, 8227799.7566],
              [176151.8891, 8227775.0945],
              [176143.0571, 8227766.2693],
              [176129.975, 8227760.2221],
              [176124.7121, 8227759.2336],
              [176114.3639, 8227757.2898],
              [176107.4135, 8227758.0909],
              [176089.7474, 8227764.7963],
              [176083.2327, 8227765.4279],
              [176076.869, 8227766.0449],
              [176061.8129, 8227755.3712],
              [176039.0097, 8227752.1739],
              [176029.3662, 8227748.6714],
              [176019.9599, 8227730.6032],
              [176012.7115, 8227722.7517],
              [175991.2362, 8227717.7357],
              [175978.6891, 8227714.8051],
              [175961.5355, 8227706.078],
              [175949.1, 8227694.2515],
              [175941.4978, 8227680.5303],
              [175939.8414, 8227671.7179],
              [175941.9547, 8227655.8857],
              [175938.7729, 8227642.8381],
              [175929.7473, 8227636.6858],
              [175914.492, 8227636.9964],
              [175904.6213, 8227634.4127],
              [175900.0337, 8227631.2037],
              [175896.3685, 8227625.3723],
              [175892.0046, 8227614.3344],
              [175890.5206, 8227605.0784],
              [175892.4378, 8227597.3667],
              [175900.4271, 8227581.9023],
              [175899.8804, 8227575.9963],
              [175897.0307, 8227571.616],
              [175891.512, 8227568.7754],
              [175878.1481, 8227567.8688],
              [175876.9714, 8227557.3802],
              [175873.8705, 8227553.1874],
              [175849.3872, 8227546.0554],
              [175821.4944, 8227543.1968],
              [175804.9756, 8227534.997],
              [175790.8829, 8227524.2691],
              [175784.2108, 8227519.1901],
              [175775.46, 8227509.2856],
              [175758.5617, 8227487.6273],
              [175736.16, 8227462.12],
              [175732.9565, 8227458.4723],
              [175724.5159, 8227448.2889],
              [175726.7935, 8227430.443],
              [175722.3911, 8227412.1259],
              [175715.385, 8227399.1292],
              [175696.16, 8227372.03],
              [175693.18, 8227369.92],
              [175690.62, 8227370.92],
              [175687.72, 8227383.6],
              [175683.06, 8227386.73],
              [175680.5296, 8227385.4481],
              [175677.73, 8227384.03],
              [175674.24, 8227377.39],
              [175652, 8227357.21],
              [175606.06, 8227307.15],
              [175584.56, 8227309.5],
              [175578.95, 8227306.41],
              [175574.22, 8227293.82],
              [175573.0069, 8227292.7111],
              [175570.03, 8227289.99],
              [175561.67, 8227288.94],
              [175555.06, 8227282.82],
              [175545.11, 8227259.71],
              [175537.32, 8227229.84],
              [175533.98, 8227225.56],
              [175528.38, 8227222.38],
              [175515.52, 8227219],
              [175508.07, 8227212.78],
              [175497.38, 8227195.3],
              [175487.68, 8227167.67],
              [175465.97, 8227136.21],
              [175452.72, 8227112.86],
              [175447.41, 8227108.83],
              [175432.77, 8227104.68],
              [175414.5567, 8227093.0779],
              [175404.67, 8227086.78],
              [175402.56, 8227086.3964],
              [175391.8, 8227084.44],
              [175352.92, 8227068.94],
              [175335.68, 8227055.81],
              [175325.99, 8227047.58],
              [175302.91, 8227020.37],
              [175290.0035, 8226998.6337],
              [175278.1988, 8226983.0995],
              [175246.4926, 8226957.5177],
              [175222.8461, 8226930.6274],
              [175213.0562, 8226926.1514],
              [175180.9732, 8226923.491],
              [175167.9806, 8226920.281],
              [175161.0738, 8226916.9142],
              [175156.0217, 8226910.9958],
              [175148.7357, 8226896.2431],
              [175132.9446, 8226871.5521],
              [175113.963, 8226846.4841],
              [175099.4538, 8226831.6473],
              [175072.0157, 8226810.8346],
              [175056.8058, 8226796.6188],
              [175044.9861, 8226783.9321],
              [175025.6854, 8226758.0307],
              [174974.2692, 8226731.6763],
              [174966.4469, 8226724.517],
              [174957.9478, 8226711.951],
              [174953.8482, 8226708.7372],
              [174939.2451, 8226706.8887],
              [174928.0335, 8226707.2607],
              [174918.6241, 8226702.8133],
              [174904.5662, 8226679.4512],
              [174898.6372, 8226672.4691],
              [174891.8651, 8226667.7721],
              [174879.6743, 8226664.6655],
              [174869.6599, 8226660.0316],
              [174856.4663, 8226647.811],
              [174851.4074, 8226635.3939],
              [174851.0429, 8226607.8647],
              [174843.3406, 8226596.7257],
              [174833.3305, 8226590.9148],
              [174821.4532, 8226590.8567],
              [174813.4527, 8226588.8501],
              [174791.8741, 8226578.1336],
              [174753.9933, 8226543.9821],
              [174750.7127, 8226540.24],
              [174730.7857, 8226517.5092],
              [174697.8511, 8226502.1304],
              [174694.9907, 8226497.0609],
              [174694.1103, 8226491.5343],
              [174699.7304, 8226480.7551],
              [174700.0398, 8226476.1319],
              [174696.0886, 8226467.2835],
              [174689.9474, 8226464.5357],
              [174682.1149, 8226463.6427],
              [174662.2063, 8226470.1782],
              [174645.4228, 8226469.9259],
              [174632.754, 8226462.4421],
              [174617.3609, 8226457.4919],
              [174608.5713, 8226442.4147],
              [174601.2825, 8226434.5498],
              [174587.8998, 8226432.0021],
              [174561.8993, 8226441.4356],
              [174558.2339, 8226446.9753],
              [174556.7913, 8226456.851],
              [174551.0124, 8226462.5096],
              [174543.831, 8226464.2917],
              [174532.5373, 8226462.0137],
              [174525.3493, 8226462.6654],
              [174502.6461, 8226475.4],
              [174486.1574, 8226475.808],
              [174468.8647, 8226483.6816],
              [174454.8056, 8226485.5491],
              [174447.1816, 8226491.3024],
              [174439.5785, 8226503.5929],
              [174437.5834, 8226504.8184],
              [174435.0017, 8226506.4042],
              [174419.1334, 8226506.2044],
              [174408.0376, 8226504.1549],
              [174382.4699, 8226489.9583],
              [174350.7829, 8226492.7676],
              [174345.6107, 8226486.6222],
              [174333.9803, 8226485.2807],
              [174330.3068, 8226480.0305],
              [174328.5001, 8226479.6474],
              [174321.0294, 8226482.9132],
              [174296.9076, 8226510.2637],
              [174290.135, 8226511.3879],
              [174275.189, 8226505.8374],
              [174265.9566, 8226510.4653],
              [174258.37, 8226517.82],
              [174257.0254, 8226518.7511],
              [174255.3099, 8226518.9647],
              [174250.9039, 8226515.1107],
              [174247.1883, 8226511.8815],
              [174241.2593, 8226507.1356],
              [174237.2802, 8226504.4691],
              [174231.3248, 8226501.46],
              [174212.1515, 8226492.4978],
              [174205.4214, 8226488.9102],
              [174191.5606, 8226481.2653],
              [174183.4971, 8226477.3389],
              [174179.9493, 8226475.6745],
              [174175.46, 8226473.5471],
              [174173.0715, 8226472.3426],
              [174169.5309, 8226470.6114],
              [174145.7093, 8226458.9423],
              [174135.6958, 8226453.2545],
              [174129.6349, 8226450.38],
              [174125.5505, 8226447.9704],
              [174120.1079, 8226444.5749],
              [174113.4025, 8226440.619],
              [174107.3154, 8226436.7049],
              [174101.4654, 8226430.7847],
              [174094.8012, 8226424.5913],
              [174091.9789, 8226421.9778],
              [174086.0632, 8226416.9776],
              [174084.0471, 8226415.1769],
              [174068.3153, 8226400.0828],
              [174063.862, 8226394.0648],
              [174061.3322, 8226390.0161],
              [174056.668, 8226383.998],
              [174051.3714, 8226375.9984],
              [174049.6059, 8226373.9924],
              [174047.814, 8226369.9926],
              [174045.8178, 8226365.1106],
              [174044.5991, 8226362.0297],
              [174044.4845, 8226361.5115],
              [174042.4583, 8226352.3492],
              [174040.6201, 8226344.0367],
              [174040.6464, 8226332.0495],
              [174040.6576, 8226330.9224],
              [174040.7255, 8226324.0866],
              [174040.4883, 8226308.1364],
              [174039.7505, 8226290.2168],
              [174039.0126, 8226280.1867],
              [174037.8268, 8226270.1566],
              [174037.5633, 8226264.1997],
              [174036.9572, 8226260.0898],
              [174036.3248, 8226254.1085],
              [174035.0599, 8226240.0297],
              [174032.8272, 8226229.9458],
              [174031.5486, 8226223.8815],
              [174030.5275, 8226217.7066],
              [174028.7093, 8226209.6948],
              [174025.8633, 8226199.6525],
              [174024.3613, 8226193.6467],
              [174023.6679, 8226191.04],
              [174022.2268, 8226185.6226],
              [174019.8289, 8226179.6045],
              [174013.8471, 8226163.642],
              [174012.187, 8226157.624],
              [174007.6809, 8226145.5757],
              [174005.2302, 8226139.5576],
              [174003.0957, 8226135.4233],
              [173999.3802, 8226125.3687],
              [173998.2471, 8226123.3872],
              [173994.2153, 8226113.2959],
              [173991.4748, 8226107.3023],
              [173988.6151, 8226099.9877],
              [173985.1768, 8226091.193],
              [173983.9647, 8226089.1381],
              [173980.1701, 8226079.1447],
              [173979.037, 8226077.1509],
              [173975.8748, 8226069.1636],
              [173974.3201, 8226067.0964],
              [173967.7059, 8226055.0481],
              [173963.9376, 8226047.0118],
              [173962.1457, 8226038.9632],
              [173961.8295, 8226028.0769],
              [173961.487, 8226026.0954],
              [173960.1167, 8226022.0589],
              [173958.1667, 8226017.8267],
              [173951.6052, 8226009.8515],
              [173947.6788, 8226006.2798],
              [173941.8025, 8226001.2281],
              [173927.8099, 8225991.724],
              [173925.2802, 8225989.2287],
              [173922.0653, 8225985.2289],
              [173919.2984, 8225981.1924],
              [173918.8505, 8225979.1986],
              [173918.3761, 8225975.1377],
              [173919.0876, 8225971.1012],
              [173918.7451, 8225969.0829],
              [173917.7964, 8225967.0647],
              [173914.9505, 8225963.0037],
              [173911.5775, 8225959.0039],
              [173909.364, 8225955.0164],
              [173902.4072, 8225941.0476],
              [173898.7444, 8225932.8523],
              [173893.3951, 8225922.3941],
              [173890.7599, 8225918.3454],
              [173881.0044, 8225909.5968],
              [173874.0532, 8225903.3247],
              [173866.095, 8225896.9887],
              [173851.3538, 8225881.2818],
              [173847.7809, 8225877.1609],
              [173845.4883, 8225874.7879],
              [173842.5633, 8225870.7514],
              [173838.8207, 8225866.2977],
              [173837.1876, 8225864.3542],
              [173829.7565, 8225854.4954],
              [173826.2254, 8225848.4773],
              [173820.3491, 8225840.4288],
              [173818.2937, 8225836.3923],
              [173815.843, 8225830.3131],
              [173813.7876, 8225824.0871],
              [173812.9971, 8225818.0446],
              [173810.8626, 8225803.8557],
              [173810.5464, 8225797.8376],
              [173809.3342, 8225789.7647],
              [173808.4646, 8225787.7709],
              [173805.9086, 8225783.7711],
              [173802.114, 8225779.8202],
              [173800.7437, 8225777.802],
              [173799.4788, 8225771.7105],
              [173798.2403, 8225757.3871],
              [173798.9254, 8225749.1795],
              [173799.0309, 8225732.5076],
              [173799.4525, 8225726.4284],
              [173799.6633, 8225722.453],
              [173800.1043, 8225718.6919],
              [173800.3484, 8225716.1903],
              [173800.4011, 8225712.1049],
              [173799.1626, 8225707.8849],
              [173795.8687, 8225701.5978],
              [173795.1309, 8225699.5429],
              [173795.1309, 8225695.5064],
              [173796.7646, 8225687.4334],
              [173796.8437, 8225685.4274],
              [173796.7119, 8225679.3971],
              [173795.7896, 8225677.4155],
              [173790.5194, 8225671.4097],
              [173786.5667, 8225667.8136],
              [173777.1592, 8225657.9914],
              [173775.1829, 8225656.4991],
              [173773.2065, 8225656.279],
              [173771.2038, 8225656.6337],
              [173765.0903, 8225659.5326],
              [173756.2748, 8225664.9047],
              [173753.6747, 8225665.685],
              [173751.7121, 8225665.8662],
              [173749.3849, 8225665.3427],
              [173747.2677, 8225664.9976],
              [173743.4295, 8225664.8902],
              [173741.4531, 8225664.6333],
              [173733.3369, 8225662.0401],
              [173725.4842, 8225660.9148],
              [173713.5734, 8225655.9976],
              [173709.6734, 8225653.1965],
              [173705.7734, 8225649.7594],
              [173698.9748, 8225639.6804],
              [173697.0511, 8225637.6377],
              [173689.2144, 8225630.4353],
              [173686.066, 8225627.9017],
              [173684.5606, 8225626.6902],
              [173678.8333, 8225621.1904],
              [173673.7829, 8225615.3391],
              [173672.966, 8225613.3086],
              [173672.518, 8225609.2721],
              [173671.3322, 8225596.0129],
              [173670.8443, 8225591.7092],
              [173671.6653, 8225587.2206],
              [173672.0533, 8225584.7641],
              [173672.518, 8225581.8973],
              [173674.3349, 8225572.6211],
              [173676.9173, 8225560.1018],
              [173677.6829, 8225556.7855],
              [173678.4734, 8225552.7123],
              [173678.816, 8225548.4067],
              [173681.0295, 8225535.0251],
              [173680.9768, 8225528.9092],
              [173679.6329, 8225524.8727],
              [173677.7853, 8225522.9556],
              [173674.9656, 8225522.274],
              [173658.8651, 8225521.4472],
              [173654.7308, 8225520.8362],
              [173650.7518, 8225518.451],
              [173648.8808, 8225516.445],
              [173647.2714, 8225512.4969],
              [173646.1632, 8225509.3361],
              [173645.2443, 8225506.4149],
              [173644.7849, 8225504.3692],
              [173644.0058, 8225500.3112],
              [173644.2085, 8225496.9307],
              [173645.1389, 8225493.914],
              [173647.9058, 8225487.5901],
              [173654.0984, 8225477.0952],
              [173656.3774, 8225472.39],
              [173659.1052, 8225464.5699],
              [173659.5268, 8225462.5272],
              [173660.4754, 8225460.2765],
              [173662.8734, 8225455.3716],
              [173665.3504, 8225451.3106],
              [173666.0883, 8225449.1211],
              [173668.4072, 8225438.4183],
              [173669.014, 8225433.6197],
              [173668.9342, 8225430.1985],
              [173668.4072, 8225428.168],
              [173667.116, 8225426.0641],
              [173663.6112, 8225421.991],
              [173660.4373, 8225419.2788],
              [173658.6572, 8225417.5263],
              [173651.4369, 8225409.172],
              [173649.3025, 8225405.1233],
              [173646.6673, 8225398.7138],
              [173644.9281, 8225392.5735],
              [173643.795, 8225386.1273],
              [173643.8279, 8225378.0335],
              [173644.2151, 8225374.6705],
              [173644.4816, 8225372.9847],
              [173644.7437, 8225371.3268],
              [173644.9808, 8225366.9111],
              [173644.691, 8225360.8809],
              [173643.8741, 8225358.6914],
              [173640.0268, 8225352.4776],
              [173636.4693, 8225348.3677],
              [173624.3741, 8225338.7413],
              [173615.2302, 8225324.4912],
              [173610.0126, 8225318.2652],
              [173598.0491, 8225307.1221],
              [173592.8315, 8225300.9939],
              [173583.1342, 8225290.9149],
              [173577.2579, 8225282.8664],
              [173575.2815, 8225281.0683],
              [173573.3051, 8225280.4812],
              [173569.3524, 8225280.5301],
              [173567.3497, 8225280.0286],
              [173561.447, 8225277.6067],
              [173555.518, 8225277.1541],
              [173553.4626, 8225276.4325],
              [173545.6099, 8225272.9831],
              [173539.2778, 8225268.8074],
              [173531.7227, 8225263.5034],
              [173528.8721, 8225262.0405],
              [173523.2878, 8225261.3325],
              [173519.7328, 8225260.0541],
              [173517.7565, 8225258.8798],
              [173515.8065, 8225256.9472],
              [173509.4295, 8225248.8253],
              [173503.898, 8225243.5097],
              [173500.022, 8225236.8014],
              [173497.6166, 8225229.1085],
              [173497.097, 8225211.5794],
              [173496.4646, 8225202.9071],
              [173495.2367, 8225198.4452],
              [173492.4146, 8225193.3979],
              [173490.2365, 8225190.041],
              [173488.0849, 8225187.0791],
              [173486.0031, 8225183.0549],
              [173482.7882, 8225170.9454],
              [173481.516, 8225166.6296],
              [173479.6788, 8225160.6462],
              [173478.6247, 8225154.567],
              [173476.5166, 8225146.5674],
              [173476.1214, 8225137.2834],
              [173476.6113, 8225130.2952],
              [173474.4141, 8225121.2687],
              [173473.5033, 8225115.969],
              [173470.4822, 8225104.649],
              [173468.7166, 8225100.5636],
              [173466.4768, 8225096.5271],
              [173451.8518, 8225076.4669],
              [173444.974, 8225063.9171],
              [173441.4957, 8225055.734],
              [173439.3876, 8225049.7282],
              [173437.5464, 8225039.7436],
              [173436.7261, 8225035.7105],
              [173434.7234, 8225023.4665],
              [173433.4849, 8225019.4055],
              [173431.6666, 8225011.4182],
              [173427.4767, 8224999.064],
              [173423.2078, 8224991.04],
              [173420.5463, 8224985.0586],
              [173413.6423, 8224975.053],
              [173411.745, 8224972.9736],
              [173408.3984, 8224966.9311],
              [173406.5801, 8224964.9495],
              [173402.0477, 8224958.222],
              [173394.4585, 8224950.1001],
              [173390.5058, 8224946.5407],
              [173383.2328, 8224938.8591],
              [173373.2984, 8224932.1561],
              [173367.5538, 8224926.6151],
              [173361.5984, 8224918.6399],
              [173360.5338, 8224916.7966],
              [173358.5823, 8224914.0987],
              [173353.5384, 8224906.6574],
              [173350.4603, 8224902.7147],
              [173346.793, 8224897.922],
              [173345.6294, 8224894.9224],
              [173345.0234, 8224880.8192],
              [173344.7898, 8224878.2634],
              [173344.6544, 8224876.7827],
              [173343.6794, 8224872.7462],
              [173341.5938, 8224867.3902],
              [173340.3328, 8224864.6977],
              [173336.0375, 8224856.7225],
              [173333.3497, 8224852.7227],
              [173330.2051, 8224845.8368],
              [173329.0586, 8224843.0701],
              [173328.2639, 8224840.6377],
              [173325.8132, 8224834.5829],
              [173323.7842, 8224830.6198],
              [173322.4413, 8224828.6851],
              [173320.9909, 8224826.5956],
              [173317.0382, 8224823.7823],
              [173313.2941, 8224820.7126],
              [173311.3222, 8224818.4288],
              [173310.5527, 8224817.0435],
              [173310.0551, 8224815.4035],
              [173308.5004, 8224811.3792],
              [173305.549, 8224801.3736],
              [173304.3949, 8224798.5915],
              [173301.5436, 8224793.374],
              [173299.1193, 8224789.3864],
              [173291.5038, 8224779.3686],
              [173285.7592, 8224773.0447],
              [173279.1186, 8224765.0696],
              [173272.9261, 8224756.6419],
              [173270.8567, 8224753.7929],
              [173269.6066, 8224752.0718],
              [173261.7531, 8224740.5326],
              [173260.1456, 8224738.551],
              [173257.9585, 8224736.3126],
              [173249.974, 8224731.1875],
              [173245.1781, 8224727.311],
              [173242.6659, 8224723.6787],
              [173241.3937, 8224720.7349],
              [173239.5395, 8224717.8235],
              [173236.9828, 8224713.4636],
              [173235.1194, 8224710.2708],
              [173233.7818, 8224707.9788],
              [173231.672, 8224703.8017],
              [173230.9447, 8224701.7335],
              [173229.499, 8224693.379],
              [173229.499, 8224687.2998],
              [173228.7085, 8224671.2272],
              [173227.9443, 8224663.2031],
              [173226.047, 8224657.2462],
              [173223.9539, 8224651.98],
              [173221.5109, 8224647.6771],
              [173217.8434, 8224643.3392],
              [173209.588, 8224639.5123],
              [173205.0977, 8224637.4307],
              [173199.1686, 8224632.3912],
              [173195.5337, 8224629.4692],
              [173194.7291, 8224628.4828],
              [173192.37, 8224625.5903],
              [173191.4351, 8224624.0595],
              [173190.5254, 8224621.5905],
              [173188.997, 8224617.6274],
              [173184.3328, 8224599.4142],
              [173179.0362, 8224583.4517],
              [173174.8727, 8224573.4461],
              [173167.5927, 8224557.8752],
              [173167.5249, 8224557.0885],
              [173167.0454, 8224551.522],
              [173168.4812, 8224538.4641],
              [173168.6993, 8224535.602],
              [173169.169, 8224531.0215],
              [173169.6891, 8224526.8672],
              [173170.5511, 8224519.9817],
              [173170.6167, 8224519.4579],
              [173171.5939, 8224511.7075],
              [173207.7283, 8224538.4162],
              [173243.1825, 8224563.4193],
              [173278.2399, 8224584.5861],
              [173313.2972, 8224603.1069],
              [173351.0004, 8224624.2736],
              [173388.0422, 8224644.1174],
              [173414.5006, 8224656.6852],
              [173439.636, 8224665.9456],
              [173471.3861, 8224676.5289],
              [173499.1674, 8224685.1279],
              [173525.6258, 8224689.7581],
              [173544.8081, 8224691.7425],
              [173565.9748, 8224693.0654],
              [173601.0322, 8224693.0654],
              [173631.4593, 8224688.4352],
              [173657.2563, 8224685.1279],
              [173704.2199, 8224675.206],
              [173737.2929, 8224663.9612],
              [173768.3815, 8224648.7476],
              [173800.793, 8224632.2111],
              [173833.866, 8224609.7215],
              [173873.5536, 8224574.0027],
              [173913.2411, 8224530.3464],
              [173984.0173, 8224436.4191],
              [174082.5748, 8224302.8042],
              [174208.9136, 8224134.7935],
              [174291.5961, 8224021.0224],
              [174367.9285, 8223916.7102],
              [174336.6804, 8223877.4955],
              [174330.323, 8223869.0119],
              [174321.3182, 8223856.9954],
              [174231.1967, 8223736.7327],
              [174229.4831, 8223734.4459],
              [173964.2592, 8223380.5177],
              [173954.9409, 8223368.0829],
              [173869.6699, 8223254.293],
              [173857.1393, 8223237.5713],
              [173820.2226, 8223188.3081],
              [173818.6609, 8223186.2241],
              [173775.6447, 8223123.169],
              [149288.379, 8222803.185],
              [149228.4564, 8222803.4618],
              [149245.7944, 8222828.9721],
              [149251.486, 8222832.7679],
              [149256.1411, 8222837.1015],
              [149261.4697, 8222847.0911],
              [149263.6437, 8222858.6426],
              [149260.153, 8222905.551],
              [149259.4059, 8222914.4564],
              [149258.0878, 8222917.892],
              [149256.8452, 8222921.131],
              [149252.9876, 8222925.9342],
              [149248.4692, 8222933.3286],
              [149243.2266, 8222952.0516],
              [149238.8054, 8222965.8451],
              [149232.4738, 8222976.5148],
              [149223.0903, 8222988.9925],
              [149218.8596, 8222998.1665],
              [149217.7012, 8223012.539],
              [149221.1194, 8223030.3443],
              [149226.2654, 8223045.9854],
              [149229.6626, 8223052.9331],
              [149230.6471, 8223062.5377],
              [149229.9926, 8223072.9817],
              [149226.7367, 8223085.5118],
              [149215.1379, 8223108.8721],
              [149207.7183, 8223133.4345],
              [149199.5554, 8223160.1056],
              [149191.9157, 8223198.0673],
              [149181.5303, 8223232.8761],
              [149175.8547, 8223244.172],
              [149155.4493, 8223270.1923],
              [149125.7613, 8223318.9968],
              [149122.1332, 8223343.1423],
              [149127.8838, 8223355.4608],
              [149140.2288, 8223365.5617],
              [149165.8395, 8223369.9283],
              [149192.7184, 8223367.3353],
              [149207.2164, 8223368.06],
              [149225.1242, 8223375.0212],
              [149240.1868, 8223383.5825],
              [149248.6078, 8223391.7783],
              [149254.678, 8223401.3539],
              [149255.5514, 8223409.3494],
              [149256.5119, 8223418.1403],
              [149251.7567, 8223436.5566],
              [149244.4191, 8223447.1014],
              [149198.7494, 8223495.8192],
              [149188.691, 8223530.7167],
              [149181.5735, 8223561.0634],
              [149173.2165, 8223578.4394],
              [149151.6157, 8223604.3794],
              [149136.759, 8223618.5523],
              [149126.3209, 8223635.4985],
              [149124.1086, 8223653.9684],
              [149125.8188, 8223675.5829],
              [149127.7859, 8223681.0546],
              [149129.9971, 8223687.6312],
              [149135.2265, 8223695.4615],
              [149146.8007, 8223708.5617],
              [149159.1215, 8223717.7912],
              [149172.2062, 8223721.6286],
              [149186.1294, 8223722.168],
              [149200.0247, 8223719.481],
              [149217.5512, 8223712.0251],
              [149230.7664, 8223710.845],
              [149241.7825, 8223712.779],
              [149268.0587, 8223721.4894],
              [149293.3526, 8223735.3857],
              [149297.2357, 8223739.2551],
              [149302.5541, 8223744.5549],
              [149306.3181, 8223749.6029],
              [149312.1786, 8223759.9797],
              [149314.8874, 8223770.3131],
              [149315.0345, 8223786.5588],
              [149309.5552, 8223803.276],
              [149287.5885, 8223853.9866],
              [149285.0604, 8223864.0586],
              [149276.1423, 8223899.5882],
              [149275.1976, 8223935.7919],
              [149278.9971, 8223966.4588],
              [149288.9909, 8223987.0093],
              [149323.6381, 8224039.3076],
              [149332.6816, 8224055.0057],
              [149373.5854, 8224101.583],
              [149383.8354, 8224116.1647],
              [149393.687, 8224136.3907],
              [149396.8894, 8224148.8699],
              [149399.838, 8224160.3598],
              [149409.3179, 8224202.6963],
              [149419.2694, 8224216.8444],
              [149433.2747, 8224232.3711],
              [149441.2741, 8224245.4525],
              [149460.213, 8224263.1204],
              [149479.8915, 8224273.3041],
              [149496.4278, 8224278.1855],
              [149553.4692, 8224287.3665],
              [149568.022, 8224289.7088],
              [149591.2236, 8224300.6881],
              [149609.1047, 8224308.4936],
              [149629.1122, 8224321.5643],
              [149636.551, 8224324.6251],
              [149638.7991, 8224325.5323],
              [149642.7621, 8224327.1315],
              [149648.6471, 8224329.7691],
              [149658.9384, 8224336.1973],
              [149665.1561, 8224343.4901],
              [149666.6655, 8224345.2605],
              [149674.1272, 8224355.1167],
              [149678.4061, 8224366.3388],
              [149684.1403, 8224386.9815],
              [149683.1882, 8224403.6409],
              [149678.0945, 8224411.3039],
              [149676.0389, 8224412.587],
              [149663.0013, 8224420.7253],
              [149625.7513, 8224433.1852],
              [149619.5358, 8224434.5232],
              [149609.1189, 8224437.2492],
              [149597.704, 8224441.7623],
              [149591.9553, 8224451.0343],
              [149590.1303, 8224464.0458],
              [149593.428, 8224510.9092],
              [149599.5395, 8224531.1981],
              [149606.8183, 8224541.1151],
              [149622.3345, 8224566.1413],
              [149641.1217, 8224595.9629],
              [149647.85, 8224606.5304],
              [149655.0371, 8224610.1807],
              [149676.6078, 8224615.6712],
              [149684.9881, 8224621.5221],
              [149698.8361, 8224640.7618],
              [149720.8288, 8224701.8729],
              [149723.9303, 8224714.292],
              [149738.1235, 8224725.8481],
              [149748.3036, 8224737.2961],
              [149766.1181, 8224751.1472],
              [149780.79, 8224756.0807],
              [149788.8079, 8224758.7268],
              [149796.3675, 8224761.3314],
              [149798.5703, 8224762.5105],
              [149807.3156, 8224767.1916],
              [149822.3032, 8224779.8807],
              [149832.3387, 8224788.3787],
              [149833.9698, 8224802.6095],
              [149826.5062, 8224818.7308],
              [149805.8499, 8224837.2509],
              [149793.7805, 8224845.3414],
              [149782.9936, 8224849.2778],
              [149762.724, 8224857.1196],
              [149737.9696, 8224868.7294],
              [149718.1458, 8224885.5004],
              [149712.1074, 8224898.415],
              [149709.2293, 8224911.7816],
              [149712.4704, 8224920.847],
              [149732.1548, 8224959.1793],
              [149736.3858, 8224983.1846],
              [149742.0183, 8225002.9874],
              [149741.361, 8225034.5267],
              [149743.3202, 8225057.4595],
              [149755.4312, 8225071.8533],
              [149759.0256, 8225076.1252],
              [149769.4256, 8225084.0401],
              [149774.3062, 8225092.4278],
              [149779.9315, 8225130.506],
              [149781.3009, 8225209.2006],
              [149784.7049, 8225231.2545],
              [149789.8748, 8225251.8781],
              [149794.4691, 8225260.14],
              [149805.572, 8225268.834],
              [149838.7601, 8225277.8072],
              [149853.5538, 8225278.3751],
              [149867.9162, 8225279.2317],
              [149876.6591, 8225291.5364],
              [149875.6033, 8225304.3414],
              [149870.3117, 8225318.3581],
              [149842.6463, 8225347.1952],
              [149826.5498, 8225368.7796],
              [149821.8084, 8225383.436],
              [149820.0714, 8225414.022],
              [149818.7252, 8225423.1025],
              [149808.2923, 8225436.0331],
              [149788.6831, 8225450.8216],
              [149786.102, 8225467.5091],
              [149795.1593, 8225482.728],
              [149807.2761, 8225493.4283],
              [149817.4707, 8225497.0331],
              [149828.1151, 8225501.2858],
              [149839.2583, 8225505.9593],
              [149855.6291, 8225508.296],
              [149870.6815, 8225506.2648],
              [149883.7362, 8225508.2454],
              [149886.8624, 8225511.2227],
              [149889.1094, 8225514.9319],
              [149889.5671, 8225517.4065],
              [149889.94, 8225519.4223],
              [149888.5689, 8225533.4025],
              [149882.8764, 8225544.7449],
              [149872.7136, 8225557.063],
              [149859.672, 8225565.4907],
              [149845.9115, 8225566.22],
              [149818.7959, 8225566.6715],
              [149798.8079, 8225566.0662],
              [149768.6705, 8225571.2597],
              [149755.1446, 8225579.2533],
              [149747.2743, 8225589.6072],
              [149743.3479, 8225606.6825],
              [149742.8409, 8225622.0011],
              [149746.8369, 8225646.1448],
              [149757.0472, 8225667.322],
              [149764.206, 8225674.9771],
              [149776.2438, 8225680.7154],
              [149788.7073, 8225682.6429],
              [149800.3699, 8225684.2588],
              [149810.8334, 8225686.9316],
              [149818.3849, 8225688.5206],
              [149839.4239, 8225692.1448],
              [149869.6783, 8225695.6884],
              [149898.0548, 8225695.9528],
              [149901.974, 8225697.3993],
              [149907.1658, 8225701.4545],
              [149914.0939, 8225709.0116],
              [149921.3047, 8225724.36],
              [149927.1607, 8225746.9171],
              [149936.7268, 8225765.2709],
              [149944.4129, 8225773.0169],
              [149958.668, 8225779.6404],
              [149984.7369, 8225797.4431],
              [150021.7948, 8225830.7726],
              [150030.3726, 8225848.2126],
              [150031.6762, 8225855.1725],
              [150031.2621, 8225859.3974],
              [150030.9789, 8225862.2861],
              [150029.1544, 8225866.5961],
              [150012.9586, 8225894.223],
              [150005.9426, 8225904.5773],
              [149999.8826, 8225917.0981],
              [149983.1223, 8225937.7559],
              [149979.7455, 8225944.6344],
              [149978.421, 8225952.7334],
              [149983.036, 8225989.8145],
              [149983.153, 8226024.7853],
              [149978.9203, 8226037.8762],
              [149968.2821, 8226057.9873],
              [149955.0216, 8226077.8882],
              [149944.6378, 8226100.2191],
              [149942.5436, 8226112.7237],
              [149944.1387, 8226128.8389],
              [149956.0973, 8226157.4357],
              [149972.6324, 8226177.6783],
              [149997.5489, 8226208.1815],
              [150011.8901, 8226251.5308],
              [150012.3854, 8226262.3039],
              [150012.4358, 8226263.3992],
              [149997.7173, 8226306.0215],
              [149993.5346, 8226327.0291],
              [149989.7942, 8226346.5771],
              [149987.5951, 8226380.6068],
              [149991.3695, 8226438.5376],
              [149993.7293, 8226455.7443],
              [149994.2493, 8226459.5354],
              [149991.8009, 8226468.8315],
              [149985.6159, 8226480.3851],
              [149974.8446, 8226496.0357],
              [149967.3696, 8226507.0213],
              [149934.8278, 8226543.9952],
              [149918.7145, 8226560.575],
              [149895.6683, 8226576.5519],
              [149840.0022, 8226592.638],
              [149833.4545, 8226596.2777],
              [149823.7806, 8226601.6552],
              [149814.795, 8226613.6153],
              [149822.439, 8226626.0389],
              [149839.036, 8226637.5996],
              [149852.8822, 8226642.0536],
              [149860.2251, 8226644.7346],
              [149867.5238, 8226650.8529],
              [149876.8629, 8226662.0583],
              [149878.5707, 8226665.0738],
              [149878.9257, 8226667.5002],
              [149877.9494, 8226679.6574],
              [149874.9043, 8226692.248],
              [149872.7771, 8226698.8438],
              [149870.7968, 8226702.8745],
              [149863.317, 8226709.2649],
              [149862.5924, 8226709.5925],
              [149838.5063, 8226720.483],
              [149817.5275, 8226734.6281],
              [149782.1571, 8226765.2062],
              [149772.4474, 8226784.428],
              [149765.1193, 8226798.9349],
              [149763.8674, 8226806.6093],
              [149758.6174, 8226838.7926],
              [149755.8389, 8226876.6718],
              [149757.4751, 8226934.9849],
              [149758.5027, 8226971.6039],
              [149761.5957, 8226993.1176],
              [149766.8925, 8227007.6838],
              [149769.2078, 8227023.81],
              [149762.1104, 8227051.0378],
              [149763.317, 8227073.5945],
              [149769.2531, 8227097.9701],
              [149791.4579, 8227134.6219],
              [149809.9548, 8227168.5761],
              [149830.5868, 8227218.3838],
              [149835.1142, 8227227.823],
              [149841.0423, 8227235.8184],
              [149841.1169, 8227241.5687],
              [149839.3234, 8227248.1405],
              [149833.7176, 8227255.9817],
              [149807.3802, 8227269.3949],
              [149764.095, 8227281.0399],
              [149746.6776, 8227287.8301],
              [149735.5731, 8227295.8431],
              [149732.6378, 8227303.5063],
              [149730.792, 8227308.3252],
              [149739.8609, 8227327.5723],
              [149750.3835, 8227340.6434],
              [149766.7458, 8227353.5502],
              [149807.648, 8227375.3634],
              [149853.3817, 8227406.5512],
              [149868.0621, 8227422.4558],
              [149869.5077, 8227424.0219],
              [149875.3506, 8227445.2912],
              [149880.3557, 8227473.483],
              [149881.4556, 8227479.6784],
              [149896.8092, 8227519.2837],
              [149923.689, 8227585.2252],
              [149925.8815, 8227592.5626],
              [149929.5431, 8227604.8164],
              [149933.3741, 8227617.6613],
              [149939.4676, 8227629.6081],
              [149959.6003, 8227653.2011],
              [149967.8598, 8227657.4422],
              [149973.9425, 8227661.2704],
              [149982.7894, 8227668.2679],
              [149998.5765, 8227694.6174],
              [150010.7435, 8227718.3315],
              [150012.98, 8227724.6366],
              [150014.1091, 8227727.8199],
              [150016.0323, 8227741.752],
              [150014.8303, 8227752.0811],
              [150014.4252, 8227753.0752],
              [150002.0844, 8227783.3607],
              [150000.2915, 8227796.3256],
              [149985.6112, 8227839.5291],
              [149980.4742, 8227854.523],
              [149980.2248, 8227855.2512],
              [149979.74, 8227864.1643],
              [149982.9398, 8227874.3369],
              [150015.3824, 8227908.773],
              [150028.1392, 8227926.723],
              [150049.8251, 8227962.4593],
              [150064.0141, 8227982.8106],
              [150077.5525, 8228002.2288],
              [150084.6312, 8228015.1731],
              [150094.2132, 8228028.5595],
              [150101.8946, 8228043.3684],
              [150115.7243, 8228059.9039],
              [150126.7625, 8228068.0304],
              [150142.1282, 8228075.9114],
              [150150.6409, 8228077.2418],
              [150159.1785, 8228079.5486],
              [150171.7737, 8228083.2899],
              [150190.0101, 8228089.835],
              [150207.4801, 8228093.9274],
              [150210.8596, 8228095.8258],
              [150218.2718, 8228099.9897],
              [150219.659, 8228102.8668],
              [150222.08, 8228122.304],
              [150211.7493, 8228162.5683],
              [150212.7374, 8228166.2927],
              [150217.1645, 8228182.9787],
              [150234.9041, 8228195.6616],
              [150254.5774, 8228200.3336],
              [150275.4054, 8228200.3829],
              [150339.9211, 8228157.5749],
              [150346.4428, 8228156.1789],
              [150348.3961, 8228156.5767],
              [150360.3543, 8228162.8706],
              [150369.8227, 8228165.3298],
              [150375.7403, 8228172.1233],
              [150381.4509, 8228178.6791],
              [150387.0367, 8228190.6105],
              [150390.5724, 8228206.066],
              [150389.9141, 8228212.9984],
              [150387.7852, 8228235.419],
              [150387.3779, 8228315.6832],
              [150386.2903, 8228371.4079],
              [150386.0764, 8228389.5204],
              [150385.8295, 8228410.4282],
              [150390.7866, 8228446.4249],
              [150395.1004, 8228474.7791],
              [150404.7617, 8228493.4789],
              [150413.9973, 8228509.5334],
              [150430.1644, 8228521.7703],
              [150455.0146, 8228534.0914],
              [150463.7443, 8228540.8423],
              [150467.5018, 8228549.7459],
              [150468.1501, 8228567.2213],
              [150467.9308, 8228569.4034],
              [150462.1104, 8228627.3194],
              [150461.0767, 8228657.9091],
              [150460.4299, 8228677.0485],
              [150463.7502, 8228688.7665],
              [150469.8791, 8228695.4083],
              [150486.2571, 8228707.5637],
              [150495.3974, 8228714.3474],
              [150518.8415, 8228718.9653],
              [150551.8626, 8228730.0342],
              [150560.6421, 8228728.7068],
              [150586.4395, 8228721.0356],
              [150592.5483, 8228720.9616],
              [150596.7459, 8228720.9108],
              [150606.4224, 8228724.3351],
              [150620.9149, 8228735.4577],
              [150639.5209, 8228746.9152],
              [150650.5983, 8228754.5091],
              [150684.9032, 8228788.3218],
              [150693.8563, 8228800.4893],
              [150713.1448, 8228819.5898],
              [150727.5395, 8228833.8443],
              [150739.7738, 8228843.9344],
              [150741.6077, 8228846.912],
              [150741.9464, 8228862.193],
              [150745.9987, 8228870.865],
              [150763.6985, 8228892.6359],
              [150764.0051, 8228894.0842],
              [150765.7474, 8228902.3113],
              [150764.5883, 8228921.5065],
              [150752.7864, 8228952.4959],
              [150743.1434, 8228965.2013],
              [150732.1847, 8228977.5993],
              [150713.9052, 8229004.0217],
              [150682.6819, 8229051.5853],
              [150673.3098, 8229068.34],
              [150638.6318, 8229104.2321],
              [150622.9646, 8229124.6114],
              [150611.5441, 8229140.5437],
              [150610.9778, 8229145.1836],
              [150609.5037, 8229157.2624],
              [150619.7483, 8229169.0421],
              [150650.0874, 8229191.2211],
              [150674.9764, 8229203.1123],
              [150696.7158, 8229211.6399],
              [150712.9358, 8229216.5018],
              [150714.4294, 8229216.9495],
              [150724.1466, 8229226.6708],
              [150741.2022, 8229252.068],
              [150771.7943, 8229299.2275],
              [150775.4552, 8229304.871],
              [150814.5999, 8229369.7812],
              [150839.4326, 8229431.2584],
              [150857.9778, 8229459.0449],
              [150862.6864, 8229473.5856],
              [150863.3284, 8229484.8119],
              [150863.0361, 8229486.3137],
              [150861.8302, 8229492.5101],
              [150858.1427, 8229496.4514],
              [150852.2042, 8229498.3941],
              [150833.5871, 8229497.6581],
              [150814.6757, 8229492.3674],
              [150798.9579, 8229483.2134],
              [150783.0529, 8229477.7249],
              [150765.9469, 8229478.991],
              [150746.623, 8229493.6563],
              [150735.0334, 8229521.3503],
              [150722.1689, 8229552.776],
              [150721.93, 8229555.5963],
              [150721.1872, 8229564.3648],
              [150725.5467, 8229573.5988],
              [150735.4364, 8229584.325],
              [150741.2714, 8229597.9637],
              [150749.0096, 8229622.841],
              [150765.1548, 8229662.1421],
              [150778.3194, 8229694.1877],
              [150784.784, 8229721.5412],
              [150799.6563, 8229802.6948],
              [150800.7563, 8229808.6969],
              [150801.3877, 8229832.7091],
              [150804.1817, 8229850.9175],
              [150819.2544, 8229893.4953],
              [150830.0688, 8229924.044],
              [150846.7873, 8229958.9889],
              [150861.2049, 8229972.293],
              [150877.8147, 8229980.2381],
              [150889.9393, 8229984.9889],
              [150900.3028, 8229988.7325],
              [150917.1075, 8229996.2218],
              [150935.6848, 8230001.6714],
              [150957.1345, 8230007.3382],
              [150971.7514, 8230009.5157],
              [150994.8823, 8230015.6133],
              [151015.5696, 8230019.9218],
              [151036.3923, 8230021.864],
              [151051.7598, 8230021.6469],
              [151059.9841, 8230022.2611],
              [151068.3643, 8230023.606],
              [151087.4109, 8230033.7332],
              [151088.2841, 8230034.4807],
              [151101.0038, 8230045.368],
              [151106.7534, 8230056.0262],
              [151106.1065, 8230066.4327],
              [151102.9372, 8230094.9124],
              [151110.461, 8230113.4324],
              [151119.3324, 8230119.9162],
              [151137.7025, 8230129.5928],
              [151169.4138, 8230148.4467],
              [151197.5289, 8230159.7485],
              [151210.3509, 8230169.415],
              [151213.6247, 8230181.5195],
              [151213.3237, 8230191.0695],
              [151209.6548, 8230198.7455],
              [151199.7388, 8230208.8238],
              [151178.9664, 8230224.027],
              [151149.4856, 8230238.9452],
              [151128.7443, 8230259.021],
              [151113.2155, 8230279.642],
              [151110.5327, 8230285.9519],
              [151110.1207, 8230298.1573],
              [151124.3723, 8230314.7094],
              [151164.1672, 8230367.6269],
              [151179.529, 8230391.5441],
              [151182.3063, 8230397.4337],
              [151182.5317, 8230403.5577],
              [151182.9054, 8230413.7144],
              [151180.2831, 8230432.6941],
              [151176.0927, 8230446.8962],
              [151163.1272, 8230485.3827],
              [151150.0722, 8230502.1727],
              [151133.6798, 8230513.0075],
              [151109.666, 8230514.0236],
              [151046.2059, 8230510.4095],
              [151026.0656, 8230514.4581],
              [151009.1427, 8230525.8892],
              [150983.231, 8230552.2031],
              [150960.8346, 8230589.4585],
              [150941.3995, 8230635.705],
              [150943.3157, 8230654.9297],
              [150949.9066, 8230668.375],
              [150963.6709, 8230681.5161],
              [150970.3778, 8230685.8499],
              [150984.3098, 8230693.0999],
              [150998.7234, 8230697.8263],
              [151007.4367, 8230698.7572],
              [151015.7283, 8230697.4934],
              [151026.7508, 8230695.0378],
              [151039.6866, 8230693.5071],
              [151054.5795, 8230696.3983],
              [151069.1496, 8230705.0012],
              [151083.8988, 8230718.779],
              [151089.5586, 8230727.5333],
              [151095.167, 8230736.2082],
              [151114.8953, 8230770.0463],
              [151126.8197, 8230797.2404],
              [151136.1689, 8230829.5491],
              [151143.4367, 8230838.7214],
              [151167.0042, 8230850.1795],
              [151172.3892, 8230846.0035],
              [151174.7434, 8230843.5544],
              [151178.325, 8230839.8284],
              [151193.4613, 8230816.1026],
              [151198.0931, 8230810.0277],
              [151204.2773, 8230803.7624],
              [151212.171, 8230800.48],
              [151215.9335, 8230798.9154],
              [151225.8613, 8230797.9234],
              [151247.7453, 8230800.48],
              [151248.9217, 8230800.6174],
              [151249.9735, 8230800.8776],
              [151275.9914, 8230807.3121],
              [151300.8855, 8230815.8892],
              [151312.9111, 8230820.0324],
              [151359.2016, 8230852.37],
              [151361.3529, 8230853.8896],
              [151382.3359, 8230868.7115],
              [151403.3717, 8230868.6352],
              [151405.8698, 8230868.6261],
              [151462.9361, 8230854.3054],
              [151491.6109, 8230847.9925],
              [151511.3084, 8230847.812],
              [151515.6098, 8230847.7726],
              [151564.6442, 8230873.6965],
              [151607.0172, 8230881.4435],
              [151620.6791, 8230878.5946],
              [151650.3941, 8230861.7655],
              [151657.1526, 8230858.9492],
              [151661.7734, 8230857.0236],
              [151672.8149, 8230856.5693],
              [151683.8489, 8230860.2404],
              [151693.6195, 8230867.6895],
              [151702.8655, 8230883.1732],
              [151705.7011, 8230890.9618],
              [151711.4275, 8230906.6902],
              [151718.1516, 8230936.297],
              [151717.2808, 8230947.2978],
              [151709.3942, 8230956.6481],
              [151701.0768, 8230961.0664],
              [151675.3782, 8230958.1066],
              [151658.9088, 8230958.2411],
              [151655.0832, 8230963.5721],
              [151654.8493, 8230970.1489],
              [151660.2418, 8230980.5892],
              [151661.2915, 8230982.6216],
              [151684.1111, 8231000.9935],
              [151704.079, 8231008.9404],
              [151725.0598, 8231009.27],
              [151779.5174, 8230996.957],
              [151856.4611, 8230985.3228],
              [151887.3377, 8230985.0816],
              [151896, 8230986.3968],
              [151897.2111, 8230986.5806],
              [151905.7191, 8230987.8723],
              [151909.0943, 8230990.0215],
              [151912.6171, 8230997.0456],
              [151912.8362, 8231001.1345],
              [151908.9119, 8231021.904],
              [151914.3882, 8231031.8304],
              [151924.073, 8231035.1731],
              [151931.5592, 8231035.8751],
              [151935.9378, 8231035.2798],
              [151945.5794, 8231033.9692],
              [151991.2785, 8231017.6483],
              [152001.5161, 8231016.7615],
              [152009.4894, 8231018.5218],
              [152014.7672, 8231021.7389],
              [152025.0082, 8231034.9767],
              [152031.8977, 8231041.1836],
              [152037.054, 8231043.1344],
              [152047.0958, 8231045.1765],
              [152047.7939, 8231045.0805],
              [152048.7691, 8231044.9465],
              [152076.0578, 8231041.1946],
              [152076.593, 8231041.1213],
              [152087.7873, 8231041.7877],
              [152110.0763, 8231045.6813],
              [152139.4105, 8231054.7017],
              [152154.3461, 8231057.4445],
              [152169.3863, 8231058.0655],
              [152176.2084, 8231056.3713],
              [152186.0725, 8231048.3078],
              [152196.2473, 8231038.0628],
              [152200.977, 8231034.8939],
              [152214.8773, 8231032.9995],
              [152232, 8231030.7601],
              [152239.5285, 8231029.7754],
              [152245.404, 8231032.1283],
              [152247.0252, 8231036.1391],
              [152248.5864, 8231044.6991],
              [152248.8182, 8231054.9734],
              [152253.2731, 8231058.0303],
              [152261.6717, 8231058.9826],
              [152276.2611, 8231058.7621],
              [152290.6709, 8231055.262],
              [152305.1698, 8231054.0144],
              [152319.2925, 8231056.7153],
              [152330.49, 8231056.1924],
              [152341.773, 8231053.4456],
              [152352.7435, 8231046.1125],
              [152362.7313, 8231047.0719],
              [152372.9717, 8231064.2139],
              [152377.2445, 8231068.6276],
              [152379.5689, 8231082.7653],
              [152396.3743, 8231104.88],
              [152396.7058, 8231117.0192],
              [152391.1565, 8231132.6118],
              [152388.8845, 8231147.0693],
              [152390.6026, 8231156.8111],
              [152396.9007, 8231167.6311],
              [152405.7182, 8231175.5459],
              [152410.8954, 8231184.228],
              [152416.6936, 8231186.5437],
              [152427.2152, 8231184.6905],
              [152443.9721, 8231175.4625],
              [152451.9036, 8231173.4462],
              [152458.7446, 8231177.6568],
              [152463.1812, 8231186.5594],
              [152465.8225, 8231198.4956],
              [152464.851, 8231202.3066],
              [152461.2017, 8231208.9068],
              [152456.4854, 8231212.3327],
              [152440.5933, 8231220.0185],
              [152437.5066, 8231224.5017],
              [152438.5177, 8231234.9506],
              [152443.9691, 8231242.8519],
              [152450.7203, 8231246.7476],
              [152492.3679, 8231261.0372],
              [152496.7361, 8231263.9563],
              [152500.1087, 8231274.4723],
              [152498.6922, 8231278.4972],
              [152489.953, 8231292.3669],
              [152489.3252, 8231300.0805],
              [152492.1555, 8231306.2844],
              [152498.9919, 8231310.5356],
              [152504.5381, 8231310.7817],
              [152527.9249, 8231308.7989],
              [152536.9985, 8231314.5693],
              [152539.4998, 8231332.908],
              [152534.7168, 8231346.0778],
              [152528.0959, 8231357.2324],
              [152517.1474, 8231364.6652],
              [152498.6167, 8231374.317],
              [152486.2085, 8231387.7573],
              [152483.7695, 8231397.0872],
              [152483.0174, 8231399.964],
              [152484.2633, 8231409.9588],
              [152489.6127, 8231415.8018],
              [152498.0914, 8231419.4832],
              [152505.8769, 8231420.5685],
              [152522.2272, 8231418.7214],
              [152539.938, 8231421.3417],
              [152553.4902, 8231419.1265],
              [152567.1006, 8231411.3913],
              [152572.8769, 8231403.4223],
              [152577.2015, 8231394.2866],
              [152580.3477, 8231390.0854],
              [152586.2011, 8231387.2297],
              [152590.5459, 8231383.5973],
              [152605.5089, 8231379.7264],
              [152626.6453, 8231379.0363],
              [152633.8517, 8231376.1824],
              [152638.9216, 8231374.1747],
              [152662.98, 8231343.9138],
              [152665.9092, 8231337.0235],
              [152666.4675, 8231328.9774],
              [152663.2489, 8231318.6438],
              [152664.0685, 8231311.302],
              [152665.689, 8231307.2039],
              [152672.4234, 8231305.8885],
              [152680.943, 8231306.5495],
              [152695.6136, 8231312.848],
              [152714.8242, 8231327.3499],
              [152724.7741, 8231344.2744],
              [152733.5856, 8231350.3089],
              [152746.7308, 8231355.0658],
              [152759.3797, 8231365.2351],
              [152772.2253, 8231365.1323],
              [152779.1361, 8231354.63],
              [152782.7369, 8231345.231],
              [152783.7954, 8231345.0472],
              [152785.8711, 8231344.3627],
              [152787.8303, 8231343.6863],
              [152788.5766, 8231343.017],
              [152790.2408, 8231341.5241],
              [152794.4718, 8231339.4393],
              [152800.2101, 8231339.2655],
              [152812.429, 8231350.5986],
              [152828.3746, 8231360.1937],
              [152831.4456, 8231364.2843],
              [152831.8473, 8231367.7848],
              [152830.2253, 8231379.0192],
              [152831.2661, 8231386.0022],
              [152840.4803, 8231392.8251],
              [152877.8673, 8231404.3182],
              [152896.7097, 8231414.6785],
              [152908.7765, 8231419.2547],
              [152936.0308, 8231421.3695],
              [152943.4868, 8231424.6667],
              [152958.9427, 8231435.8578],
              [152978.7125, 8231445.498],
              [152989.1231, 8231457.4332],
              [152989.4357, 8231458.2256],
              [153000.1845, 8231485.4722],
              [153004.4142, 8231491.4482],
              [153010.5261, 8231496.4694],
              [153013.195, 8231496.3894],
              [153021.3849, 8231495.0542],
              [153030.066, 8231488.6245],
              [153035.2582, 8231466.1085],
              [153038.1796, 8231462.0109],
              [153039.4852, 8231461.6815],
              [153071.1886, 8231465.5033],
              [153100.528, 8231460.7337],
              [153114.0749, 8231460.8111],
              [153124.2037, 8231464.119],
              [153143.566, 8231477.4457],
              [153147.5659, 8231487.9533],
              [153145.6709, 8231493.8745],
              [153127.8255, 8231503.1318],
              [153120.1975, 8231520.5793],
              [153113.2832, 8231527.3447],
              [153105.9552, 8231538.2645],
              [153102.6421, 8231551.2796],
              [153099.3799, 8231557.9552],
              [153098.4907, 8231563.3368],
              [153100.1437, 8231575.2935],
              [153115.1654, 8231589.225],
              [153133.287, 8231589.827],
              [153139.0151, 8231588.5564],
              [153143.3152, 8231587.6025],
              [153163.0152, 8231581.2172],
              [153182.2237, 8231571.0383],
              [153189.7637, 8231563.6598],
              [153201.7878, 8231547.2675],
              [153216.8709, 8231522.8609],
              [153232.3877, 8231500.2088],
              [153236.0517, 8231489.9969],
              [153242.5522, 8231483.1021],
              [153249.4282, 8231480.235],
              [153255.847, 8231480.6147],
              [153261.6527, 8231483.2275],
              [153269.5351, 8231486.843],
              [153274.2333, 8231491.5869],
              [153283.459, 8231497.3161],
              [153294.8152, 8231497.9737],
              [153301.9782, 8231493.3824],
              [153306.6326, 8231490.1321],
              [153309.7923, 8231484.9081],
              [153309.847, 8231470.489],
              [153311.7941, 8231454.9133],
              [153316.1684, 8231441.0663],
              [153319.0342, 8231415.7196],
              [153320.6314, 8231408.2902],
              [153323.045, 8231404.7767],
              [153328.7942, 8231402.2726],
              [153337.8548, 8231402.0564],
              [153352.3033, 8231409.9771],
              [153357.4778, 8231411.0968],
              [153375.2811, 8231413.3574],
              [153462.2681, 8231424.403],
              [153472.7584, 8231427.1807],
              [153496.0523, 8231440.8477],
              [153586.7793, 8231481.8762],
              [153597.2828, 8231481.9116],
              [153602.992, 8231479.2076],
              [153619.7586, 8231463.3991],
              [153631.1947, 8231456.7824],
              [153651.5869, 8231448.3304],
              [153658.3922, 8231447.2804],
              [153669.1861, 8231451.0258],
              [153699.5191, 8231481.834],
              [153707.0169, 8231486.4313],
              [153719.5063, 8231490.1881],
              [153737.8678, 8231490.3548],
              [153756.1539, 8231487.4037],
              [153776.3963, 8231484.1367],
              [153786.0365, 8231485.6068],
              [153798.1216, 8231491.5233],
              [153805.0717, 8231491.8268],
              [153817.0988, 8231487.807],
              [153827.4595, 8231477.1141],
              [153833.4701, 8231475.782],
              [153838.547, 8231471.195],
              [153839.6252, 8231470.2209],
              [153852.6678, 8231476.8872],
              [153869.3356, 8231499.4366],
              [153882.7631, 8231502.9232],
              [153891.261, 8231502.3],
              [153897.1483, 8231498.2163],
              [153908.7521, 8231483.9105],
              [153917.4624, 8231477.5543],
              [153920.5949, 8231477.2788],
              [153932.1832, 8231476.2599],
              [153940.0193, 8231478.4383],
              [153972.8486, 8231494.541],
              [154000.918, 8231510.3512],
              [154016.5766, 8231515.9579],
              [154041.8466, 8231516.7027],
              [154056.8143, 8231521.8819],
              [154065.3883, 8231528.3417],
              [154070.8077, 8231534.4748],
              [154079.2872, 8231549.531],
              [154085.4009, 8231567.5821],
              [154097.7741, 8231580.7682],
              [154098.8105, 8231581.0603],
              [154112.9678, 8231585.0512],
              [154142.1349, 8231577.8887],
              [154154.5352, 8231579.2352],
              [154165.6351, 8231582.3853],
              [154175.0265, 8231586.8055],
              [154202.5828, 8231613.1089],
              [154211.7992, 8231618.2627],
              [154233.9939, 8231626.2083],
              [154258.7431, 8231642.1537],
              [154266.2111, 8231645.4832],
              [154277.0801, 8231645.706],
              [154281.9398, 8231644.0206],
              [154286.1256, 8231642.5689],
              [154291.2632, 8231638.1261],
              [154303.5762, 8231608.2575],
              [154307.04, 8231598.1625],
              [154309.694, 8231594.7633],
              [154326.6878, 8231591.7784],
              [154343.1946, 8231585.7477],
              [154356.6064, 8231576.8749],
              [154365.6394, 8231567.4176],
              [154369.7876, 8231564.444],
              [154384.377, 8231561.8874],
              [154400.2871, 8231565.0306],
              [154406.2381, 8231567.7784],
              [154426.1314, 8231585.3245],
              [154440.9563, 8231594.3432],
              [154452.6389, 8231596.3485],
              [154466.1387, 8231591.8628],
              [154476.4111, 8231582.4838],
              [154484.5637, 8231575.5158],
              [154490.5976, 8231574.1887],
              [154501.0671, 8231577.2342],
              [154511.6405, 8231583.3737],
              [154525.1948, 8231594.3982],
              [154532.2252, 8231597.9963],
              [154541.6857, 8231598.2226],
              [154551.045, 8231596.4425],
              [154564.5469, 8231589.8181],
              [154569.9815, 8231584.6562],
              [154574.8813, 8231576.4518],
              [154577.4822, 8231569.4442],
              [154580.7129, 8231547.3083],
              [154582.9088, 8231544.3141],
              [154588.1122, 8231541.9839],
              [154593.1635, 8231542.0832],
              [154597.282, 8231543.6504],
              [154601.8067, 8231547.7268],
              [154617.3182, 8231570.4349],
              [154622.7518, 8231583.6584],
              [154625.1274, 8231601.1399],
              [154630.1808, 8231608.5283],
              [154643.1684, 8231611.797],
              [154650.2968, 8231608.5017],
              [154656.1631, 8231602.1921],
              [154668.9045, 8231585.0748],
              [154675.5551, 8231578.6003],
              [154720.4935, 8231560.3119],
              [154725.2534, 8231560.3498],
              [154726.1018, 8231560.6324],
              [154728.3195, 8231561.371],
              [154730.5375, 8231563.7782],
              [154731.3578, 8231577.3461],
              [154733.6483, 8231584.3241],
              [154738.7548, 8231593.9173],
              [154747.0017, 8231599.4162],
              [154784.0734, 8231611.9086],
              [154790.576, 8231618.2785],
              [154792.5677, 8231630.4393],
              [154790.767, 8231637.9644],
              [154785.9967, 8231648.2839],
              [154776.1953, 8231662.4653],
              [154772.3036, 8231670.4382],
              [154769.9685, 8231679.1906],
              [154773.4237, 8231693.8244],
              [154786.0791, 8231707.4734],
              [154797.2624, 8231714.3746],
              [154850.664, 8231730.3566],
              [154865.6937, 8231733.3739],
              [154871.955, 8231733.3746],
              [154882.8839, 8231733.3759],
              [154897.5784, 8231728.0455],
              [154904.2464, 8231722.3031],
              [154906.9379, 8231715.4765],
              [154906.6031, 8231706.8891],
              [154898.3067, 8231679.419],
              [154898.1338, 8231672.694],
              [154902.8124, 8231667.0984],
              [154929.8895, 8231639.1987],
              [154937.1164, 8231633.9544],
              [154944.5759, 8231630.9328],
              [154970.9741, 8231630.2777],
              [154983.1745, 8231633.3093],
              [154989.9161, 8231637.4339],
              [154997.8943, 8231646.9893],
              [155001.9703, 8231665.241],
              [155005.6361, 8231670.7182],
              [155014.8481, 8231672.0192],
              [155025.3601, 8231668.1199],
              [155041.3804, 8231655.0808],
              [155052.9502, 8231649.6898],
              [155086.5028, 8231643.1669],
              [155124.0252, 8231641.8588],
              [155127.1842, 8231643.4934],
              [155136.8463, 8231648.493],
              [155147.8563, 8231657.7453],
              [155162.1357, 8231689.168],
              [155189.8979, 8231729.0612],
              [155193.2074, 8231736.1155],
              [155194.7935, 8231744.198],
              [155195.7994, 8231767.8063],
              [155200.4234, 8231776.1864],
              [155206.5978, 8231777.5196],
              [155211.0298, 8231778.4766],
              [155236.9196, 8231773.7275],
              [155244.72, 8231770.7736],
              [155257.034, 8231766.1103],
              [155282.2613, 8231750.9178],
              [155292.3688, 8231749.674],
              [155301.6578, 8231753.7707],
              [155304.8636, 8231756.4511],
              [155322.7725, 8231778.3167],
              [155336.2425, 8231794.7626],
              [155360.639, 8231814.6665],
              [155373.0902, 8231822.9929],
              [155382.7719, 8231823.7686],
              [155392.8191, 8231819.8901],
              [155397.5273, 8231813.6371],
              [155407.5286, 8231793.5013],
              [155421.2351, 8231773.7271],
              [155424.6683, 8231770.8761],
              [155427.5276, 8231769.3142],
              [155431.3662, 8231769.1346],
              [155437.743, 8231771.1967],
              [155439.8546, 8231773.0766],
              [155444.2079, 8231783.5931],
              [155448.2412, 8231801.3465],
              [155454.2252, 8231814.5374],
              [155460.5321, 8231819.5417],
              [155468.6572, 8231823.7331],
              [155484.2068, 8231827.0666],
              [155492.8405, 8231829.1696],
              [155502.7955, 8231832.9892],
              [155507, 8231834.45],
              [155507.0453, 8231844.7378],
              [155503.4947, 8231867.9988],
              [155499.1914, 8231885.3453],
              [155497.8886, 8231894.7215],
              [155498.0272, 8231901.6475],
              [155501.9357, 8231903.9916],
              [155506.8865, 8231904.9032],
              [155512.619, 8231904.7729],
              [155523.5823, 8231902.4227],
              [155530.7479, 8231901.6414],
              [155544.577, 8231897.3356],
              [155555.9334, 8231895.3819],
              [155569.3526, 8231893.4285],
              [155580.48, 8231891.0327],
              [155580.8476, 8231890.9535],
              [155589.5767, 8231891.6046],
              [155598.1852, 8231893.3012],
              [155605.4811, 8231896.9475],
              [155608.6157, 8231903.9968],
              [155608.6157, 8231911.8103],
              [155606.1403, 8231919.6237],
              [155602.0952, 8231927.8567],
              [155597.4049, 8231933.7168],
              [155596.7466, 8231939.598],
              [155598.4403, 8231943.114],
              [155601.0459, 8231945.1976],
              [155607.4466, 8231947.2868],
              [155613.5699, 8231947.2868],
              [155620.7519, 8231947.6762],
              [155627.1358, 8231949.1086],
              [155633.1452, 8231951.8517],
              [155640.0503, 8231956.8002],
              [155648.3639, 8231960.6294],
              [155652.6014, 8231961.7023],
              [155656.1997, 8231962.6059],
              [155662.6639, 8231962.7534],
              [155667.0192, 8231961.4486],
              [155670.4311, 8231960.7229],
              [155678.0461, 8231955.5036],
              [155687.8565, 8231950.6444],
              [155691.6277, 8231950.3545],
              [155693.1206, 8231953.3445],
              [155693.7078, 8231962.2964],
              [155693.02, 8231966.89],
              [155692.5077, 8231982.4067],
              [155697.3531, 8231993.1186],
              [155708.4675, 8232000.1888],
              [155716.4243, 8232002.9899],
              [155726.4577, 8232005.4343],
              [155743.5879, 8232005.4343],
              [155758.6628, 8232004.7042],
              [155768.2653, 8232003.6751],
              [155778.3265, 8232003.5255],
              [155791.1742, 8232003.9683],
              [155806.8277, 8232005.592],
              [155824.1299, 8232011.6522],
              [155837.0019, 8232016.2353],
              [155843.4996, 8232019.6303],
              [155858.0021, 8232029.9589],
              [155864.3994, 8232037.892],
              [155871.1231, 8232047.763],
              [155879.9586, 8232063.7451],
              [155885.8483, 8232075.7328],
              [155891.7424, 8232094.4602],
              [155897.4205, 8232115.0768],
              [155900.8795, 8232127.6246],
              [155907.2162, 8232147.5122],
              [155910.6753, 8232157.1105],
              [155918.6572, 8232166.6844],
              [155928.3067, 8232172.3292],
              [155933.5352, 8232175.0488],
              [155940.2868, 8232173.8968],
              [155948.241, 8232172.6835],
              [155955.195, 8232170.1559],
              [155973.5567, 8232171.2091],
              [155985.1467, 8232172.6835],
              [155994.208, 8232176.0536],
              [155999.6807, 8232178.346],
              [156004.7758, 8232180.4803],
              [156012.362, 8232184.2717],
              [156024.9159, 8232185.1234],
              [156035.1757, 8232184.459],
              [156042.5194, 8232181.7898],
              [156047.3595, 8232177.9529],
              [156055.9434, 8232169.2743],
              [156061.4392, 8232160.0693],
              [156066.4894, 8232153.8337],
              [156074.3618, 8232149.5281],
              [156088.9386, 8232148.6395],
              [156097.9993, 8232148.6395],
              [156111.762, 8232152.4581],
              [156120.4439, 8232161.8619],
              [156142.1543, 8232172.4148],
              [156159.7047, 8232182.828],
              [156172.7925, 8232192.6465],
              [156180.9688, 8232201.4129],
              [156191.8086, 8232213.277],
              [156198.6542, 8232224.396],
              [156205.1311, 8232240.1973],
              [156208.6933, 8232254.2834],
              [156215.1884, 8232263.7183],
              [156222.0984, 8232268.009],
              [156229.4465, 8232270.0048],
              [156236.88, 8232270.0048],
              [156246.5004, 8232267.9118],
              [156255.8264, 8232265.7932],
              [156275.99, 8232268.5556],
              [156292.7345, 8232274.6995],
              [156300.813, 8232277.2791],
              [156308.7542, 8232280.5033],
              [156312.7094, 8232282.8702],
              [156325.9864, 8232286.7687],
              [156336.8654, 8232288.264],
              [156346.4905, 8232288.2246],
              [156359.727, 8232287.7528],
              [156368.6939, 8232286.9273],
              [156377.0832, 8232288.3441],
              [156385.1062, 8232291.7641],
              [156393.2626, 8232297.6663],
              [156399.8698, 8232301.2042],
              [156405.0826, 8232301.6661],
              [156412.2797, 8232298.482],
              [156417.4711, 8232291.1702],
              [156423.2524, 8232281.8536],
              [156428.2956, 8232272.9126],
              [156434.7087, 8232267.5502],
              [156441.8744, 8232263.014],
              [156462.9214, 8232262.9535],
              [156470.12, 8232267.7598],
              [156480.6238, 8232276.5311],
              [156488.2161, 8232281.4591],
              [156495.3959, 8232284.9144],
              [156503.2571, 8232287.9776],
              [156510.4369, 8232287.9776],
              [156523.2707, 8232286.1086],
              [156531.0767, 8232282.611],
              [156541.8435, 8232282.0729],
              [156555.3021, 8232284.2253],
              [156567.4148, 8232289.8753],
              [156586.8377, 8232303.3529],
              [156599.2196, 8232317.3434],
              [156620.5431, 8232333.2324],
              [156630.2332, 8232333.7705],
              [156644.4993, 8232332.4253],
              [156661.1262, 8232322.7745],
              [156670.2178, 8232317.5577],
              [156679.7042, 8232323.0326],
              [156678.7177, 8232339.8444],
              [156680.2191, 8232354.3757],
              [156688.1008, 8232362.7305],
              [156695.6121, 8232364.8914],
              [156705.002, 8232364.2272],
              [156713.343, 8232360.2928],
              [156719.4485, 8232353.4226],
              [156724.978, 8232344.1486],
              [156733.3327, 8232333.447],
              [156738.0186, 8232327.7327],
              [156741.1528, 8232327.6868],
              [156748.4599, 8232352.7385],
              [156758.9346, 8232375.8443],
              [156771.0266, 8232386.884],
              [156776.6592, 8232388.4517],
              [156782.5675, 8232386.2669],
              [156782.5806, 8232386.2524],
              [156792.9774, 8232374.7557],
              [156800.6877, 8232367.2898],
              [156814.1078, 8232362.9059],
              [156846.8617, 8232365.3957],
              [156878.5585, 8232371.9626],
              [156907.8834, 8232378.2049],
              [156927.071, 8232385.1272],
              [156944.2397, 8232394.4788],
              [156961.4217, 8232408.7664],
              [156980.0964, 8232421.4888],
              [156990.6076, 8232427.8076],
              [157002.6419, 8232435.1217],
              [157006.82, 8232437.11],
              [157012.2262, 8232446.2773],
              [157022.0296, 8232457.165],
              [157031.833, 8232468.5971],
              [157043.5426, 8232475.9462],
              [157058.0109, 8232482.0645],
              [157064.2853, 8232484.0499],
              [157077.609, 8232484.5689],
              [157108.2983, 8232488.7049],
              [157130.4103, 8232489.4029],
              [157148.3887, 8232488.3664],
              [157162.5265, 8232488.3664],
              [157178.0436, 8232490.7791],
              [157194.5683, 8232496.3396],
              [157194.5803, 8232496.3515],
              [157208.7874, 8232502.3237],
              [157233.4794, 8232507.3434],
              [157242.4564, 8232512.4851],
              [157249.5819, 8232521.0936],
              [157251.8653, 8232524.4798],
              [157257.0428, 8232533.4292],
              [157259.8412, 8232539.083],
              [157262.3283, 8232544.1078],
              [157267.3003, 8232544.7875],
              [157270.4217, 8232542.6507],
              [157274.0004, 8232540.2008],
              [157287.6046, 8232538.6923],
              [157294.885, 8232547.6568],
              [157305.2734, 8232559.3366],
              [157305.2547, 8232559.4786],
              [157311.9042, 8232567.1552],
              [157316.1877, 8232572.804],
              [157320.8636, 8232582.3039],
              [157325.8813, 8232593.6132],
              [157329.2195, 8232598.5213],
              [157335.9638, 8232603.7253],
              [157336.7032, 8232603.9502],
              [157344.8533, 8232602.9419],
              [157359.472, 8232598.0565],
              [157363.1053, 8232596.1013],
              [157370.1154, 8232589.5027],
              [157372.6262, 8232587.1392],
              [157375.0252, 8232585.8162],
              [157382.2094, 8232581.8542],
              [157394.5915, 8232577.0299],
              [157395.317, 8232576.7229],
              [157400.5345, 8232574.5466],
              [157409.132, 8232570.2189],
              [157409.2419, 8232570.1531],
              [157412.0617, 8232563.8424],
              [157413.3007, 8232552.8138],
              [157414.6413, 8232542.7383],
              [157416.1972, 8232533.9181],
              [157422.1561, 8232509.3492],
              [157424.9199, 8232497.1903],
              [157427.4432, 8232489.0047],
              [157428.862, 8232482.0332],
              [157432.6839, 8232476.3572],
              [157438.6363, 8232470.1241],
              [157451.2759, 8232471.0478],
              [157454.6876, 8232471.7118],
              [157469.6873, 8232475.5217],
              [157479.1943, 8232477.3706],
              [157483.5579, 8232477.9926],
              [157492.9314, 8232478.52],
              [157496.2865, 8232477.9765],
              [157504.288, 8232474.0386],
              [157526.9092, 8232459.6102],
              [157529.9041, 8232457.3947],
              [157534.6091, 8232452.7491],
              [157538.8372, 8232444.3769],
              [157543.8864, 8232435.5126],
              [157545.1172, 8232433.4954],
              [157549.6709, 8232427.2961],
              [157553.331, 8232424.3521],
              [157565.4675, 8232418.0746],
              [157575.1769, 8232416.3328],
              [157586.6995, 8232417.6221],
              [157588.7078, 8232418.5349],
              [157589.264, 8232418.8805],
              [157598.5941, 8232424.6782],
              [157607.1779, 8232429.4209],
              [157615.0011, 8232433.4492],
              [157623.9437, 8232439.0016],
              [157630.0587, 8232443.8893],
              [157640.5841, 8232454.2634],
              [157648.7723, 8232461.4769],
              [157661.0866, 8232476.6422],
              [157668.1222, 8232481.9166],
              [157674.8822, 8232484.7283],
              [157683.7415, 8232486.0461],
              [157685.3039, 8232485.9757],
              [157689.4792, 8232482.9296],
              [157699.9839, 8232479.3947],
              [157701.9207, 8232479.0013],
              [157712.6611, 8232478.3891],
              [157714.6699, 8232478.582],
              [157725.1624, 8232481.2321],
              [157731.1396, 8232483.9151],
              [157739.1928, 8232488.8799],
              [157745.9635, 8232488.9137],
              [157753.9012, 8232497.5148],
              [157754.8225, 8232498.1665],
              [157763.1144, 8232502.4245],
              [157784.3692, 8232510.2206],
              [157793.7924, 8232514.7337],
              [157807.5871, 8232522.821],
              [157816.1126, 8232527.4766],
              [157823.8774, 8232530.8493],
              [157835.7647, 8232534.9466],
              [157843.2517, 8232538.7279],
              [157845.3064, 8232539.7656],
              [157850.6475, 8232543.4641],
              [157858.5226, 8232550.6581],
              [157861.334, 8232553.9414],
              [157866.7998, 8232559.005],
              [157874.386, 8232564.0056],
              [157877.6224, 8232565.1284],
              [157884.0312, 8232565.982],
              [157886.6335, 8232566.3286],
              [157888.3046, 8232566.3071],
              [157897.6844, 8232565.0735],
              [157905.3047, 8232563.1547],
              [157911.0043, 8232560.673],
              [157920.029, 8232555.8001],
              [157926.713, 8232555.3347],
              [157931.0934, 8232552.8249],
              [157936.4815, 8232543.8107],
              [157940.5534, 8232539.2832],
              [157945.9365, 8232530.8751],
              [157947.2905, 8232529.308],
              [157955.4105, 8232522.2167],
              [157963.9828, 8232517.6694],
              [157966.6161, 8232515.7612],
              [157975.7219, 8232510.1772],
              [157981.6078, 8232507.7247],
              [157991.9876, 8232505.2264],
              [157996.7776, 8232504.7101],
              [158004.9314, 8232507.5887],
              [158018.2668, 8232524.0649],
              [158019.7273, 8232525.0067],
              [158027.2133, 8232525.5404],
              [158033.8094, 8232522.7542],
              [158037.9039, 8232518.7627],
              [158040.1102, 8232516.6113],
              [158041.6948, 8232514.6702],
              [158049.404, 8232507.0049],
              [158053.0212, 8232504.9792],
              [158057.2724, 8232501.1779],
              [158062.2258, 8232494.7222],
              [158066.6683, 8232485.6872],
              [158068.3919, 8232483.4513],
              [158076.4264, 8232476.5011],
              [158079.4095, 8232473.5493],
              [158078.7709, 8232466.2168],
              [158078.5766, 8232465.3278],
              [158075.4697, 8232456.5667],
              [158073.6764, 8232453.1361],
              [158073.7319, 8232444.3561],
              [158085.4445, 8232437.2075],
              [158096.4171, 8232435.3177],
              [158101.3418, 8232434.7988],
              [158111.4988, 8232434.1875],
              [158137.5244, 8232433.4051],
              [158149.1351, 8232436.2052],
              [158157.8043, 8232444.6807],
              [158164.7921, 8232457.3129],
              [158169.9586, 8232465.3879],
              [158174.0657, 8232470.4825],
              [158178.8128, 8232475.2095],
              [158180.7741, 8232477.1626],
              [158186.6046, 8232481.8498],
              [158190.2036, 8232486.3452],
              [158200.9251, 8232483.8748],
              [158213.9267, 8232486.3435],
              [158221.4378, 8232502.0955],
              [158226.854, 8232508.6011],
              [158231.3098, 8232521.8142],
              [158226.6664, 8232530.3513],
              [158226.1086, 8232531.3768],
              [158216.986, 8232537.0771],
              [158214.5479, 8232539.6051],
              [158209.9424, 8232547.1757],
              [158207.9715, 8232554.1916],
              [158207.9362, 8232563.2379],
              [158209.8445, 8232572.4049],
              [158212.3861, 8232582.1982],
              [158213.5761, 8232589.0962],
              [158213.5224, 8232600.921],
              [158211.8446, 8232611.4312],
              [158210.1153, 8232618.9148],
              [158209.1434, 8232625.8472],
              [158209.1269, 8232633.5209],
              [158212.9361, 8232640.812],
              [158220.8484, 8232664.8905],
              [158223.411, 8232682.3113],
              [158222.9861, 8232691.5964],
              [158223.9359, 8232700.672],
              [158227.5427, 8232708.1201],
              [158228.2271, 8232708.689],
              [158235.6338, 8232710.1718],
              [158242.1344, 8232704.9932],
              [158243.9163, 8232703.2226],
              [158254.0937, 8232696.9256],
              [158258.8964, 8232696.3306],
              [158269.9345, 8232701.6343],
              [158271.446, 8232703.1162],
              [158278.6448, 8232714.4515],
              [158280.3511, 8232727.2426],
              [158279.2525, 8232729.6422],
              [158280.6695, 8232732.3402],
              [158280.6374, 8232739.8317],
              [158283.2447, 8232748.4215],
              [158284.7402, 8232751.7353],
              [158289.6691, 8232759.7461],
              [158291.5294, 8232762.1758],
              [158291.5091, 8232768.7802],
              [158287.5115, 8232774.1368],
              [158285.5954, 8232776.7042],
              [158273.5297, 8232777.3835],
              [158265.9445, 8232780.1723],
              [158259.1704, 8232785.5079],
              [158258.5693, 8232786.2008],
              [158258.2668, 8232791.523],
              [158263.751, 8232796.2112],
              [158265.955, 8232797.8268],
              [158274.4216, 8232805.0208],
              [158278.4359, 8232810.6925],
              [158280.9817, 8232821.1283],
              [158283.845, 8232830.4637],
              [158287.8051, 8232834.8764],
              [158290.5859, 8232836.3576],
              [158292.6113, 8232837.4291],
              [158307.7571, 8232844.1359],
              [158325.6548, 8232858.2158],
              [158340.9701, 8232866.713],
              [158350.3374, 8232870.1275],
              [158368.2306, 8232873.0668],
              [158369.1998, 8232875.8683],
              [158367.6083, 8232882.7059],
              [158370.0768, 8232888.9165],
              [158373.8227, 8232892.7987],
              [158383.8279, 8232897.9408],
              [158387.8943, 8232902.2971],
              [158402.9709, 8232937.7466],
              [158433.8298, 8232987.1005],
              [158442.2912, 8232994.1301],
              [158476.0178, 8233011.3509],
              [158489.0761, 8233019.8991],
              [158498.2695, 8233028.052],
              [158506.8159, 8233040.609],
              [158516.2243, 8233055.3898],
              [158518.0081, 8233058.279],
              [158526.06, 8233071.3207],
              [158545.7766, 8233102.6069],
              [158558.16, 8233122.2566],
              [158593.44, 8233178.2385],
              [158597.4322, 8233184.5732],
              [158613.6073, 8233205.0846],
              [158620.2676, 8233211.76],
              [158632.4442, 8233223.964],
              [158636.1092, 8233230.1445],
              [158639.8624, 8233243.0334],
              [158638.5782, 8233257.5513],
              [158637.7475, 8233262.88],
              [158635.6933, 8233276.057],
              [158636.5663, 8233287.3803],
              [158642.5494, 8233302.1739],
              [158646.738, 8233307.7134],
              [158669.6338, 8233337.9931],
              [158677.6178, 8233350.8703],
              [158693.7913, 8233382.4458],
              [158709.1152, 8233415.1585],
              [158713.6484, 8233425.7477],
              [158727.3809, 8233460.5162],
              [158736.8569, 8233485.1951],
              [158741.1763, 8233496.4445],
              [158762.9456, 8233543.7326],
              [158766.7672, 8233550.1877],
              [158786.8667, 8233584.1369],
              [158796.3029, 8233605.6595],
              [158795.3976, 8233621.1821],
              [158783.6478, 8233694.362],
              [158785.203, 8233712.0739],
              [158791.5197, 8233735.2266],
              [158788.81, 8233765.62],
              [158792.1647, 8233787.9037],
              [158804.1952, 8233819.7408],
              [158805.6297, 8233826.9576],
              [158809.8052, 8233847.9634],
              [158810.3144, 8233876.7311],
              [158812.61, 8233920.88],
              [158822.0412, 8233964.5371],
              [158824.0316, 8233981.6783],
              [158826.868, 8234006.1037],
              [158827.8697, 8234034.9889],
              [158827.4388, 8234040.9486],
              [158825.2196, 8234071.6478],
              [158819.8105, 8234085.3403],
              [158816.3442, 8234090.4172],
              [158811.1548, 8234098.0178],
              [158796.5002, 8234113.9152],
              [158787.51, 8234128.05],
              [158775.2245, 8234175.2765],
              [158771.3153, 8234199.5536],
              [158770.3187, 8234205.7426],
              [158766.7369, 8234230.4811],
              [158760.1394, 8234255.9561],
              [158759.3338, 8234279.3606],
              [158751.5606, 8234323.1934],
              [158748.9285, 8234349.7354],
              [158752.2079, 8234389.42],
              [158753.0547, 8234399.6664],
              [158762.1781, 8234429.15],
              [158764.14, 8234435.49],
              [158768.3394, 8234458.8958],
              [158771.4021, 8234459.3705],
              [158774.7689, 8234459.7795],
              [158782.5827, 8234459.3643],
              [158809.0157, 8234457.3715],
              [158812.7485, 8234457.1661],
              [158827.0951, 8234458.8411],
              [158854.5237, 8234464.7201],
              [158861.4275, 8234467.8757],
              [158887.8161, 8234479.0315],
              [158893.2, 8234480.515],
              [158896.3401, 8234481.3803],
              [158902.0719, 8234481.8205],
              [158912.2125, 8234481.8205],
              [158930.6329, 8234480.5023],
              [158979.0475, 8234476.8311],
              [159065.6359, 8234469.0503],
              [159173.6198, 8234457.1314],
              [159199.9921, 8234454.2205],
              [159242.1487, 8234450.2201],
              [159266.3727, 8234447.9213],
              [159342.1333, 8234443.8137],
              [159349.3093, 8234442.5337],
              [159392.3647, 8234433.3181],
              [159473.6783, 8234415.8979],
              [159519.1235, 8234400.9715],
              [159560.4219, 8234387.3081],
              [159580.4635, 8234380.6775],
              [159595.3279, 8234372.7419],
              [159598.6595, 8234371.2059],
              [159607.8857, 8234368.9021],
              [159621.2125, 8234366.5981],
              [159636.8459, 8234367.1101],
              [159642.8563, 8234367.4529],
              [159650.3011, 8234367.8775],
              [159658.2579, 8234368.5499],
              [159690.9691, 8234374.0795],
              [159743.6805, 8234382.2857],
              [159753.6045, 8234384.7637],
              [159768.9411, 8234389.2693],
              [159790.3671, 8234395.3521],
              [159831.6881, 8234404.9643],
              [159848.3111, 8234408.6129],
              [159881.9705, 8234413.0325],
              [159907.7981, 8234416.1773],
              [159918.5063, 8234416.8719],
              [159924.9033, 8234416.8719],
              [159929.7707, 8234416.0383],
              [159936.4459, 8234413.5381],
              [159954.8027, 8234406.4539],
              [159999.2773, 8234389.8009],
              [160018.9717, 8234382.5795],
              [160032.4643, 8234378.1417],
              [160052.3499, 8234373.2973],
              [160118.7059, 8234361.4023],
              [160206.9933, 8234347.4899],
              [160230.4298, 8234342.4429],
              [160253.5179, 8234337.4709],
              [160256.9033, 8234336.4142],
              [160265.8427, 8234333.6238],
              [160277.0459, 8234331.9183],
              [160300.0647, 8234421.6123],
              [160312.9238, 8234419.9788],
              [160341.3487, 8234416.0471],
              [160363.45, 8234414.08],
              [160374.24, 8234413.04],
              [160389.2971, 8234412.122],
              [160507.4246, 8234404.9203],
              [160666.3669, 8234395.2303],
              [160666.5083, 8234395.2217],
              [160827.6379, 8234385.3981],
              [160865.1505, 8234383.1111],
              [160987.5313, 8234375.65],
              [160987.8605, 8234375.6374],
              [160992.5095, 8234375.4589],
              [161055.4038, 8234373.0443],
              [161063.85, 8234372.72],
              [161135.3824, 8234374.5516],
              [161158.8775, 8234373.4933],
              [161196.1309, 8234371.5883],
              [161221.1076, 8234370.7416],
              [161234.6543, 8234370.7416],
              [161295.6144, 8234366.7199],
              [161309.5953, 8234366.609],
              [161313.4487, 8234374.2938],
              [161317.2118, 8234378.4991],
              [161319.9551, 8234378.8043],
              [161337.4954, 8234373.067],
              [161345.3818, 8234380.7814],
              [161349.6007, 8234394.3647],
              [161351.3285, 8234421.9067],
              [161350.9367, 8234429.5571],
              [161342.6485, 8234457.5809],
              [161342.7863, 8234469.5947],
              [161353.1991, 8234511.7758],
              [161359.4417, 8234526.6405],
              [161375.1316, 8234554.8417],
              [161402.8886, 8234594.7489],
              [161422.9222, 8234623.5517],
              [161432.7467, 8234644.4285],
              [161442.5932, 8234674.5684],
              [161446.4844, 8234682.0355],
              [161478.1406, 8234726.9219],
              [161496.8624, 8234759.5262],
              [161509.7716, 8234777.3848],
              [161512.9274, 8234783.1545],
              [161515.0093, 8234786.9607],
              [161519.01, 8234799.88],
              [161527.5514, 8234813.7618],
              [161547.7753, 8234839.4226],
              [161552.6656, 8234852.012],
              [161582.5524, 8234962.9369],
              [161589.9539, 8234979.9387],
              [161602.3986, 8234997.7611],
              [161614.3275, 8235020.5281],
              [161619.1124, 8235032.4273],
              [161640.6409, 8235105.7014],
              [161649.018, 8235118.2667],
              [161670.509, 8235140.4437],
              [161697.4447, 8235182.882],
              [161732.1477, 8235213.9648],
              [161737.9033, 8235219.12],
              [161747.6952, 8235227.8904],
              [161748.8039, 8235228.8834],
              [161758.4613, 8235239.6387],
              [161761.8625, 8235244.9842],
              [161770.5352, 8235258.6145],
              [161783.0687, 8235278.3125],
              [161792.6712, 8235287.5538],
              [161837.1496, 8235319.5169],
              [161861.9245, 8235342.0554],
              [161864.2581, 8235344.8412],
              [161871.1081, 8235352.1112],
              [161872.08, 8235353.0402],
              [161872.08, 8235351.2942],
              [161892.0297, 8235369.443],
              [161906.88, 8235381.2383],
              [161958.7088, 8235422.4047],
              [161998.3744, 8235460.5494],
              [162120.9888, 8235477.6039],
              [162148.13, 8235519.64],
              [162177.5143, 8235570],
              [162193.07, 8235596.66],
              [162205.9846, 8235620.64],
              [162206.88, 8235622.3026],
              [162232.04, 8235669.02],
              [162275.89, 8235739.47],
              [162302.99, 8235768.67],
              [162343.86, 8235797.43],
              [162354.66, 8235813.93],
              [162358.56, 8235831.47],
              [162357.7232, 8235835.0522],
              [162370.2142, 8235835.882],
              [162368.97, 8235827.51],
              [162385.16, 8235763.75],
              [162380.14, 8235639.19],
              [162379.9841, 8235620.64],
              [162379.06, 8235510.69],
              [162375.4464, 8235363.2424],
              [162366.238, 8235049.3093],
              [162358.3956, 8234820.216],
              [162357.7614, 8234801.6899],
              [162354.66, 8234711.09],
              [162359.4575, 8234653.39],
              [162359.5373, 8234652.4298],
              [162368.62, 8234543.19],
              [162369.2617, 8234533.6989],
              [162374.4593, 8234456.8256],
              [162380.5615, 8234366.5731],
              [162381.1991, 8234357.1433],
              [162430.9727, 8234391.0784],
              [162449.1338, 8234401.2729],
              [162467.865, 8234404.2406],
              [162481.69, 8234408.67],
              [162483.3257, 8234408.8503],
              [162505.0407, 8234411.2428],
              [162521.66, 8234420.35],
              [162537.4135, 8234426.1895],
              [162573.2349, 8234447.2607],
              [162595.18, 8234471.57],
              [162645.0469, 8234518.8568],
              [162657.67, 8234529.08],
              [162699.4333, 8234553.773],
              [162738.6583, 8234566.3266],
              [162802.2659, 8234588.3818],
              [162841.475, 8234606.9588],
              [162862.0367, 8234619.5292],
              [162909.0757, 8234652.4841],
              [162927.1629, 8234667.8573],
              [162949.9576, 8234689.2853],
              [162986.8, 8234726.29],
              [163017.6634, 8234753.2549],
              [163036.1435, 8234766.5486],
              [163061.3151, 8234776.9133],
              [163151.792, 8234791.5341],
              [163164.1468, 8234793.8311],
              [163241.3065, 8234816.5941],
              [163315.4782, 8234832.5149],
              [163359.5316, 8234835.8903]
            ]
          ]
        ]
      },
      "geometry_name": "the_geom",
      "properties": {
        "fid": 33,
        "ra_cira": 2,
        "ra_codigo": "RA-II",
        "ra_nome": "GAMA",
        "ra_path": "https://www.geoservicos.ide.df.gov.br/anexos/monografia/GAMA.pdf",
        "ra_areakm2": 276.05341381,
        "st_area_sh": 276053413.814,
        "st_length_": 88897.980244
      }
    }