CÓDIGO-DO-TRECHO,TRECHO-INÍCIO,TRECHO-FINAL,EXTENSÃO(km),SITUAÇÃO-FÍSICA,TIPO-DE-REVESTIMENTO,TRECHO-COINCIDENTE-DISTRITAL,TRECHO-COINCIDENTE-FEDERAL-SUPERPOSTA,TMD,NOMENCLATURA-ANTERIOR,snv_rodovia,snv_jurisdicao,snv_uf,snv_sequencial,lat_inicio,lon_inicio,lat_fim,lon_fim,lat_meio,lon_meio,extensao_geom_km,tomtom_sucesso,tomtom_currentSpeed,tomtom_freeFlowSpeed,tomtom_currentTravelTime,tomtom_freeFlowTravelTime,tomtom_confidence,tomtom_roadClosure,tomtom_erro
001EDF0010,ENTR. BR-010/020/ 030/DF-003/150 (PARQUE ROD. DER- DF),ENTR. DF-442,2.8,PAV,CA,-,-,6.587,-,DF-001,E,DF,10,-15.6880902255081,-47.8590175219999,-15.693796059508,-47.8349603539999,-15.692849747328072,-47.84759819523418,2.846728165357076,True,56.0,56.0,622.0,622.0,1.0,False,
001EDF0012,ENTR. DF-442,ENTR. DF-008 (EPUB),3.3,PAV,CA,-,-,6.587,-,DF-001,E,DF,12,-15.693796059508,-47.8349603539999,-15.7109436635075,-47.8098339629999,-15.702336608470096,-47.82238597324325,3.3885010652805767,True,56.0,56.0,622.0,622.0,1.0,False,
001EDF0020,ENTR. DF-008 (EPUB),ENTR. VC-263,2.8,PAV,CA,-,-,6.420,-,DF-001,E,DF,20,-15.7109436635075,-47.8098339629999,-15.727512703507,-47.7900751619999,-15.718373750784524,-47.79898432526536,2.927701912822999,True,55.0,55.0,1340.0,1340.0,1.0,False,
001EDF0030,ENTR. VC-263,ENTR.BR-479/ DF-015/DF-250,3.7,PAV,TSD,-,-,7.610,-,DF-001,E,DF,30,-15.727512703507,-47.7900751619999,-15.7583728565062,-47.7781039579999,-15.742942915692185,-47.78408867959524,3.68488378132998,True,55.0,55.0,1468.0,1468.0,1.0,False,
001EDF0050,ENTR. BR-479/ DF-015/DF-250,ENTR. DF-456,2.0,PAV,TSD,-,-,18.134,-,DF-001,E,DF,50,-15.7583728565062,-47.7781039579999,-15.7760428595056,-47.7754715249999,-15.767021418595032,-47.77486795922221,2.055930806880491,True,55.0,55.0,1340.0,1340.0,1.0,False,
001EDF0052,ENTR. DF-456,ENTR. DF-005 (EPPR),2.4,PAV,TSD,-,-,18.134,-,DF-001,E,DF,52,-15.7760428595056,-47.7754715249999,-15.7944701315052,-47.783104959,-15.786360054246105,-47.77771674507354,2.350782376556,True,55.0,55.0,1340.0,1340.0,1.0,False,
001EDF0070,ENTR. DF-005 (EPPR),ENTR. DF-025(A) /BARRAGEM DO PARANOÁ,0.9,PAV,CA,-,-,24.816,-,DF-001,E,DF,70,-15.7944701315052,-47.783104959,-15.8024356625049,-47.7861105129999,-15.798598460145168,-47.784235464065645,0.9606809406689572,True,55.0,55.0,1340.0,1340.0,1.0,False,
001EDF0090,ENTR. DF-025(A) /BARRAGEM DO PARANOÁ,ENTR. DF-025(B) (EPDB),1.9,PAV,CA,025EDF0110,-,27.102,-,DF-001,E,DF,90,-15.8024356625049,-47.7861105129999,-15.8086292875047,-47.8003267079999,-15.802877421763,-47.79377581361114,1.9440906558278888,True,55.0,55.0,1340.0,1340.0,1.0,False,
001EDF0110,ENTR. DF-025(B) (EPDB),ENTR. DF-027 (EPJK),5.6,DUP,CA,-,-,11.582,-,DF-001,E,DF,110,-15.8086292875047,-47.8003267079999,-15.8493017375036,-47.8150626819999,-15.828968031101985,-47.799375370937376,5.728266924366438,True,55.0,55.0,1468.0,1468.0,1.0,False,
001EDF0116,ENTR. DF-027 (EPJK),ENTR. DF-035 (EPCV),1.8,DUP,CA,-,-,28.673,-,DF-001,E,DF,116,-15.8493017375036,-47.8150626819999,-15.8640810005032,-47.8204547019999,-15.856625319119946,-47.81791577654879,1.7584265871907312,True,71.0,71.0,958.0,958.0,1.0,False,
001EDF0130,ENTR. DF-035 (EPCV),ENTR. DF-463,2.4,DUP,CA,-,-,31.692,-,DF-001,E,DF,130,-15.8640810005032,-47.8204547019999,-15.8853899475026,-47.8219579109999,-15.874620782303449,-47.82309698116369,2.4245633323367,True,71.0,71.0,958.0,958.0,1.0,False,
001EDF0150,ENTR. DF-463,ENTR. DF-465,1.6,DUP,CA,-,-,21.700,-,DF-001,E,DF,150,-15.8853899475026,-47.8219579109999,-15.8997556025022,-47.8195529499999,-15.892482655049776,-47.82021168056792,1.6312885487394566,True,29.0,29.0,6.0,6.0,1.0,False,
001EDF0170,ENTR. DF-465,ENTR. DF-140,3.5,DUP,CA,-,-,16.797,-,DF-001,E,DF,170,-15.8997556025022,-47.8195529499999,-15.9280275515014,-47.8325811459999,-15.914490748596236,-47.82461204502039,3.5103670620211203,True,87.0,87.0,924.0,924.0,1.0,False,
001EDF0190,ENTR. DF-140,ENTR. BR-251(A),3.6,PAV,TSD,-,-,4.781,-,DF-001,E,DF,190,-15.9280275515014,-47.8325811459999,-15.9484538185008,-47.8578395139999,-15.937720235604148,-47.84560450861418,3.63607323961801,True,87.0,87.0,924.0,924.0,1.0,False,
001EDF0250,ENTR. BR-040/050/ DF-003 (EPIA),E N T R . D F - 0 6 5 (EPIP)/ DF-480,3.8,DUP,CA,-,251BDF0570,21.912,-,DF-001,E,DF,250,-15.9766584965001,-47.989792082,-15.9660987445004,-48.0207063509999,-15.977142554274185,-48.00723361567473,3.942165748916286,True,63.0,63.0,615.0,615.0,1.0,False,
001EDF0270,ENTR. DF-065 (EPIP)/ DF-480,ENTR. DF-475,3.0,DUP,CA,-,251BDF0572,57.820,-,DF-001,E,DF,270,-15.9660987445004,-48.0207063509999,-15.9453816435009,-48.0382603669999,-15.955750833302911,-48.02949628904312,3.0228435264593565,True,57.0,57.0,1223.0,1223.0,1.0,False,
001EDF0290,ENTR. DF-475,ENTR. VC-331,1.9,DUP,CA,-,251BDF0574,31.360,-,DF-001,E,DF,290,-15.9453816435009,-48.0382603669999,-15.9319368775013,-48.044458146,-15.938977855365245,-48.0420334212372,1.6588381626391546,True,57.0,57.0,1223.0,1223.0,1.0,False,
001EDF0310,ENT. VC-331,ACESSO AO RECANTO DAS EMAS,3.4,DUP,CA,-,251BDF0582,50.998,-,DF-001,E,DF,310,-15.9319368775013,-48.044458146,-15.9007025685021,-48.0544479519999,-15.9163193162359,-48.04945177749699,3.650512436304306,True,57.0,57.0,1223.0,1223.0,1.0,False,
001EDF0330,ACESSO AO RECANTO DAS EMAS,ENTR. BR-060 / ACESSO I A SAMAMBAIA,2.2,DUP,CA,-,251BDF0590,91.288,-,DF-001,E,DF,330,-15.9007025685021,-48.0544479519999,-15.8824480525026,-48.0603337079999,-15.891569025956333,-48.05737136509953,2.1351157843627373,True,47.0,47.0,1283.0,1283.0,1.0,False,
001EDF0350,ENTR. BR-060 / ACESSO I A SAMAMBAIA,ACESSO II A SAMAMBAIA / 3º DR,1.0,DUP,CA,-,251BDF0610,39.620,-,DF-001,E,DF,350,-15.8824480525026,-48.0603337079999,-15.8781281025028,-48.0515168429999,-15.880725725333177,-48.055712949073694,1.0996844186020711,True,68.0,68.0,45.0,45.0,1.0,False,
001EDF0410,ENTR. DF-085 (EPTG)/ TAGUATINGA,ENTR. BR-070/ DF-095 (EPCL),4.5,DUP,CA,-,251BDF0650,53.922,-,DF-001,E,DF,410,-15.8318508795041,-48.0503347109999,-15.7922437525052,-48.0534586989999,-15.81271369443438,-48.05854037380505,4.746929060306242,True,52.0,52.0,753.0,753.0,1.0,False,
001EDF0430,ENTR. BR-070/ DF-095(EPCL),ENTR. DF-097 (EPAC),4.4,DUP,TSD,-,251BDF0670,21.847,-,DF-001,E,DF,430,-15.7922437525052,-48.0534586989999,-15.7539555675063,-48.0475035949999,-15.773635314868478,-48.0458081772138,4.484099690435024,True,73.0,73.0,1127.0,1127.0,1.0,False,
001EDF0450,ENTR. DF-097 (EPAC),ENTR. BR-080/251(B),3.9,DUP,TSD,-,251BDF0680,21.847,-,DF-001,E,DF,450,-15.7539555675063,-48.0475035949999,-15.7360108445068,-48.0742885729999,-15.740370698932349,-48.05761914586444,3.861661771154009,True,60.0,60.0,1210.0,1210.0,1.0,False,
001EDF0470,ENTR. BR-080/251(B),ENTR. DF-435,4.5,PAV,TSD,-,-,5.231,-,DF-001,E,DF,470,-15.7360108445068,-48.0742885729999,-15.6971364925079,-48.0884302979999,-15.719453136635885,-48.086806068733566,4.981737712655689,True,63.0,63.0,1180.0,1180.0,1.0,False,
001EDF0490,ENTR. DF-435,ENTR. DF-430,2.2,PAV,TSD,-,-,6.420,-,DF-001,E,DF,490,-15.6971364925079,-48.0884302979999,-15.6772554515085,-48.0896341929999,-15.687198098337284,-48.08916318841861,2.218698998609272,True,62.0,62.0,1140.0,1140.0,1.0,False,
001EDF0510,ENTR. DF-430,ENTR. DF-415,3.7,PAV,-,-,-,881,-,DF-001,E,DF,510,-15.6772554515085,-48.0896341929999,-15.6437268535094,-48.0799267619999,-15.66049514679322,-48.08477034444477,3.885959387576429,True,63.0,63.0,1180.0,1180.0,1.0,False,
001EDF0550,ENTR. DF-415,ENTR. DF-220,3.0,PAV,-,-,-,881,-,DF-001,E,DF,550,-15.6437268535094,-48.0799267619999,-15.62299266751,-48.066950318,-15.6313761612671,-48.076250669830735,2.8697283907059283,True,63.0,63.0,1180.0,1180.0,1.0,False,
001EDF0570,ENTR. DF-220,ENTR. DF-170 ENTR. BR-010/020/,7.1,IMP,-,-,-,625,-,DF-001,E,DF,570,-15.62299266751,-48.066950318,-15.5822580415111,-48.0171379419999,-15.60606854929872,-48.03955241302871,7.302538224211905,True,62.0,62.0,1140.0,1140.0,1.0,False,
001EDF0590,ENTR. DF-170,ENTR. BR-010/020/ 030/DF-003/DF-150 (PARQUE RODOVIÁRIO DO DER-DF),21.3,PAV,TSD,-,-,3.892,-,DF-001,E,DF,590,-15.5822580415111,-48.0171379419999,-15.6880902255081,-47.8590175219999,-15.628692296001688,-47.93694434651453,21.84488608580172,True,69.0,69.0,1100.0,1100.0,1.0,False,
002EDF0010,ENTR. DF-007(EPTT) PONTE DO BRAGHETTO,DER-DF) RODOVIÁRIA DE BRASÍLIA,7.2,DUP,CA,-,-,54.848,-,DF-002,E,DF,10,-15.731272669507,-47.8940230539999,-15.7938676785052,-47.8827600789999,-15.76213965315338,-47.8841312014036,7.216488218026538,True,73.0,73.0,72.0,72.0,1.0,False,
002EDF0030,RODOVIÁRIA DE BRASÍLIA,ENTR. DF-047 (TREVO DE TRIAGEM SUL),6.6,DUP,CA,-,-,70.133,-,DF-002,E,DF,30,-15.7938676785052,-47.8827600789999,-15.835949868504,-47.9269986499999,-15.817741194040886,-47.9017871276553,6.923986109118437,True,76.0,76.0,185.0,185.0,1.0,False,
003EDF0010,ENTR. BR- 010/020/030/DF-001/DF- 150 (PARQUE ROD. DER-DF),ENTR. DF-007(EPTT) (GRANJA DO TORTO),5.2,DUP,CA,-,-,87.537,-,DF-003,E,DF,10,-15.6880902255081,-47.8590175219999,-15.7130169195074,-47.8998793629999,-15.698935211167216,-47.8804461922529,5.3517140155691445,True,76.0,76.0,218.0,218.0,1.0,False,
003EDF0030,ENTR. DF-007 (EPTT)/ GRANJA DO TORTO,ENTR. DF-009 (EPPN),1.5,DUP,CA,-,-,95.084,-,DF-003,E,DF,30,-15.7130169195074,-47.8998793629999,-15.7243901515071,-47.9071355819999,-15.718664177021582,-47.90356019384192,1.50294672281411,True,78.0,78.0,213.0,213.0,1.0,False,
003EDF0050,ENTR. DF-009 (EPPN),ACESSO A ASA NORTE,1.9,DUP,CA,-,-,29.808,-,DF-003,E,DF,50,-15.7243901515071,-47.9071355819999,-15.7394928505067,-47.916565944,-15.7319415010069,-47.91185076299995,1.9820689166293997,True,76.0,76.0,24.0,24.0,1.0,False,
003EDF0070,ACESSO A ASA NORTE,ENTR. DF-010 (EPAA) (ACESSO AO SAIN / SMU),2.3,DUP,CA,-,-,46.880,-,DF-003,E,DF,70,-15.7394928505067,-47.916565944,-15.7574905055062,-47.9277874139999,-15.748487967679258,-47.92218263570058,2.3610272222703568,True,75.0,75.0,35.0,35.0,1.0,False,
003EDF0090,ENTR. DF-010 (EPAA) (ACESSO AO SAIN / SMU),ENTR. EIXO MONUMENTAL,2.4,DUP,CA,-,-,126.438,-,DF-003,E,DF,90,-15.7574905055062,-47.9277874139999,-15.7773987755056,-47.938525765,-15.767137583111923,-47.9337816490617,2.528674515465543,True,78.0,78.0,48.0,48.0,1.0,False,
003EDF0110,ENTR. EIXO MONUMENTAL,ENTR. DF-095 (EPCL),1.1,DUP,CA,-,-,62.259,-,DF-003,E,DF,110,-15.7773987755056,-47.938525765,-15.7858891635054,-47.9413978189999,-15.781640602075008,-47.93997169506167,0.9977676547435947,True,60.0,60.0,73.0,73.0,1.0,False,
003EDF0130,ENTR. DF-095 (EPCL),ENTR. DF-085 (EPTG),2.8,DUP,CA,-,-,87.587,-,DF-003,E,DF,130,-15.7858891635054,-47.9413978189999,-15.8100881925047,-47.9484184289999,-15.797859832059729,-47.94541603905458,2.811291757509621,True,62.0,62.0,234.0,234.0,1.0,False,
003EDF0150,ENTR. DF-085 (EPTG),ENTR. DF-081 (EPIB),2.0,DUP,CA,-,-,87.587,-,DF-003,E,DF,150,-15.8100881925047,-47.9484184289999,-15.8281747925042,-47.9513141629999,-15.81913149250445,-47.9498662959999,2.039042015982447,True,68.0,68.0,111.0,111.0,1.0,False,
003EDF0152,ENTR. DF-081 (EPIB),ENTR. DF-051 (EPGU),1.5,DUP,CA,-,-,91.748,-,DF-003,E,DF,152,-15.8281747925042,-47.9513141629999,-15.8405726625038,-47.9533019529999,-15.834373727504,-47.9523080579999,1.3977576520374828,True,69.0,69.0,42.0,42.0,1.0,False,
003EDF0170,ENTR. DF-051 (EPGU),ENTR. DF-075 (EPNB),2.4,DUP,CA,-,-,117.911,-,DF-003,E,DF,170,-15.8405726625038,-47.9533019529999,-15.8620459025032,-47.9567448269999,-15.8513092825035,-47.9550233899999,2.420930832888128,True,72.0,72.0,69.0,69.0,1.0,False,
003EDF0190,ENTR. DF-075 (EPNB),ENTR. DF-025 (EPDB),1.4,DUP,CA,-,-,52.431,-,DF-003,E,DF,190,-15.8620459025032,-47.9567448269999,-15.8745497445029,-47.9587496089999,-15.868297823503047,-47.9577472179999,1.4097051422131548,True,75.0,75.0,212.0,212.0,1.0,False,
003EDF0210,ENTR. DF-025 (EPDB),ENTR. DF-055 (EPVB),0.4,DUP,CA,-,-,101.187,-,DF-003,E,DF,210,-15.8745497445029,-47.9587496089999,-15.8823603765027,-47.9600019119999,-15.8784550605028,-47.9593757604999,0.8805843691481174,True,78.0,78.0,231.0,231.0,1.0,False,
003EDF0230,ENTR. DF-055 (EPVB),ENTR. DF-065 (EPIP),8.7,DUP,CA,-,-,71.269,-,DF-003,E,DF,230,-15.8823603765027,-47.9600019119999,-15.9475385925009,-47.9921091609999,-15.916852563790975,-47.97137945286463,8.248135716635135,True,83.0,83.0,94.0,94.0,1.0,False,
003EDF0250,ENTR. DF-065 (EPIP),ENTR. BR- 040/050/251/ DF-001 (EPCT),3.3,DUP,CA,-,-,45.318,-,DF-003,E,DF,250,-15.9475385925009,-47.9921091609999,-15.9766584965001,-47.989792082,-15.961877562035472,-47.9928178445404,3.3590707172151126,True,80.0,80.0,242.0,242.0,1.0,False,
004EDF0010,ENTR. DF-002 (ERN) PONTE DO BRAGHETTO,ENTR. VIA L2,0.9,DUP,CA,-,-,25.189,-,DF-004,E,DF,10,-15.731272669507,-47.8940230539999,-15.7342370975068,-47.8861244269999,-15.732261126618017,-47.88994782633588,0.9583990701766992,True,65.0,65.0,30.0,30.0,1.0,False,
004EDF0030,ENTR. VIA L2,ENTR. DF-008 (EPUB),3.6,DUP,CA,-,-,22.148,-,DF-004,E,DF,30,-15.7342370975068,-47.8861244269999,-15.7581504785062,-47.8665609199999,-15.747059892515596,-47.87753586265152,3.4738294805704406,True,24.0,24.0,9.0,9.0,1.0,False,
004EDF0050,ENTR. DF-008 (EPUB),ACESSO À UnB,1.9,DUP,CA,-,-,42.172,-,DF-004,E,DF,50,-15.7581504785062,-47.8665609199999,-15.7742986865057,-47.8637622079999,-15.765546274273309,-47.862862560633154,1.964569281346412,True,67.0,67.0,1041.0,1041.0,1.0,False,
004EDF0070,ACESSO À UnB,ACESSO À VILA PLANALTO,1.9,DUP,CA,-,-,14.973,-,DF-004,E,DF,70,-15.7742986865057,-47.8637622079999,-15.7902308325053,-47.8586996839999,-15.782551237974944,-47.86113522015454,1.928731411424334,True,67.0,67.0,919.0,919.0,1.0,False,
004EDF0090,ACESSO À VILA PLANALTO,ENTR. EIXO MONUMENTAL,1.5,DUP,CA,-,-,37.652,-,DF-004,E,DF,90,-15.7902308325053,-47.8586996839999,-15.801656238505,-47.850764583,-15.795724794819758,-47.854538675498254,1.5903134769711635,True,67.0,67.0,1041.0,1041.0,1.0,False,
004EDF0110,ENTR. EIXO MONUMENTAL,ACESSO À PONTE JK,0.4,DUP,CA,-,-,53.241,-,DF-004,E,DF,110,-15.801656238505,-47.850764583,-15.8041943165049,-47.852768727,-15.80324020293678,-47.85125439880373,0.3984986599801335,True,67.0,67.0,1041.0,1041.0,1.0,False,
004EDF0130,ACESSO À PONTE JK,ACESSO À PONTE HONESTINO GUIMARÃES,3.1,DUP,CA,-,-,59.796,-,DF-004,E,DF,130,-15.8041943165049,-47.852768727,-15.8193357185044,-47.8797361819999,-15.812394822830212,-47.86585699254676,3.455534256673204,True,26.0,26.0,8.0,8.0,1.0,False,
004EDF0150,ACESSO À PONTE HONESTINO GUIMARÃES,ACESSO À PONTE PRESIDENTE MEDICI,2.8,DUP,CA,-,-,49.574,-,DF-004,E,DF,150,-15.8193357185044,-47.8797361819999,-15.835762879504,-47.899763994,-15.827895403129729,-47.88955301428373,2.9350694653366958,True,38.0,38.0,28.0,28.0,1.0,False,
004EDF0170,ACESSO À PONTE PRESIDENTE MEDICI,ENTR. DF-047(EPAR)/ DF-051(EPGU),3.7,DUP,CA,-,-,44.047,-,DF-004,E,DF,170,-15.835762879504,-47.899763994,-15.8450995115037,-47.9314830239999,-15.842383954399091,-47.91524210098973,3.748099460120857,True,67.0,67.0,919.0,919.0,1.0,False,
005EDF0010,ENTR. DF-009 (EPPN),ENTR. DF-006 (EPCA),0.8,DUP,CA,-,-,25.239,-,DF-005,E,DF,10,-15.7225172235072,-47.8841436339999,-15.7160703305073,-47.8815899349999,-15.718997159153398,-47.883616007669815,0.798932492702968,True,28.0,28.0,6.0,6.0,1.0,False,
005EDF0012,ENTR. DF-006 (EPCA),ENTR. DF-442,2.2,DUP,CA,-,-,33.930,-,DF-005,E,DF,12,-15.7160703305073,-47.8815899349999,-15.7184022505073,-47.8611407599999,-15.715536370228463,-47.87134996176194,2.3608352385459863,True,64.0,64.0,1007.0,1007.0,1.0,False,
005EDF0014,ENTR. DF-442,ENTR. DF-015 (EPTM),7.4,DUP,CA,-,-,23.078,-,DF-005,E,DF,14,-15.7184022505073,-47.8611407599999,-15.7584214945062,-47.8129915839999,-15.736982825706836,-47.8338771452632,7.5360040585632015,True,64.0,64.0,1007.0,1007.0,1.0,False,
005EDF0030,ENTR. DF-015 (EPTM),ENTR. DF-001 (EPCT) / BARRAGEM PARANOÁ,7.6,PAV,CA,-,-,3.271,-,DF-005,E,DF,30,-15.7584214945062,-47.8129915839999,-15.7944701315052,-47.783104959,-15.786843038933268,-47.804213906785954,7.687030350099963,True,64.0,64.0,1007.0,1007.0,1.0,False,
006EDF0010,ENTR. DF-007 (EPTT),ENTR. DF-005 (EPPR),2.1,DUP,CA,-,-,15.230,-,DF-006,E,DF,10,-15.7198336525072,-47.8976975769999,-15.7160698715074,-47.8815902949999,-15.71270669922926,-47.89054177651665,2.311323392231086,True,57.0,57.0,154.0,154.0,1.0,False,
007EDF0010,ENTR. DF-003 (EPIA)/ GRANJA DO TORTO,ENTR. DF-006 (EPCA),0.8,DUP,CA,-,-,53.566,-,DF-007,E,DF,10,-15.7130169195074,-47.8998793629999,-15.7198336525072,-47.8976975769999,-15.7164252860073,-47.8987884699999,0.7967591564716228,True,71.0,71.0,67.0,67.0,1.0,False,
007EDF0012,ENTR. DF-006 (EPCA),ENTR. DF-009 (EPPN),0.5,DUP,CA,-,-,69.778,-,DF-007,E,DF,12,-15.7198336525072,-47.8976975769999,-15.7243355385071,-47.8962514499999,-15.722084595694026,-47.8969745140826,0.5263713066020981,True,80.0,80.0,112.0,112.0,1.0,False,
007EDF0030,ENTR. DF-009 (EPPN),ENTR. DF-002 (PONTE DO BRAGHETTO),0.8,DUP,CA,-,-,17.052,-,DF-007,E,DF,30,-15.7243355385071,-47.8962514499999,-15.731272669507,-47.8940230539999,-15.727804104007047,-47.8951372519999,0.8111060847237496,True,80.0,80.0,112.0,112.0,1.0,False,
008EDF0010,ENTR. DF-001 (EPCT),ENTR. DF-005 (EPPR),3.8,PLA,-,-,-,-,-,DF-008,E,DF,10,-15.7109436635075,-47.8098339629999,-15.726754198507,-47.8443874909999,-15.725795719408689,-47.82465073236818,5.254925842805392,True,64.0,64.0,1007.0,1007.0,1.0,False,
008EDF0030,ENTR. DF-005 (EPPR),ENTR. DF-009 (EPPN),1.8,PLA,-,-,-,-,-,DF-008,E,DF,30,-15.726754198507,-47.8443874909999,-15.7403519935067,-47.8569104599999,-15.733396156990324,-47.84979314774205,2.21748588070402,True,64.0,64.0,999.0,999.0,1.0,False,
008EDF0050,ENTR. DF-009 (EPPN),ENTR. DF-004 (EPNA),2.0,PLA,-,-,-,-,-,DF-008,E,DF,50,-15.7403519935067,-47.8569104599999,-15.7581504795061,-47.8665609199999,-15.749919490052882,-47.85979401960157,2.3905632345746977,True,47.0,47.0,1438.0,1438.0,1.0,False,
009EDF0010,ENTR. DF-003 (EPIA),ENTR DF-007 (EPTT),1.2,PAV,CA,-,-,15.972,-,DF-009,E,DF,10,-15.7243925395071,-47.907131757,-15.7243355385071,-47.8962514499999,-15.72438063410462,-47.90155232033215,1.24270478501861,True,57.0,57.0,675.0,675.0,1.0,False,
009EDF0030,ENTR DF-007 (EPTT),ENTR. DF-005 (EPPR),1.4,DUP,CA,-,-,41.134,-,DF-009,E,DF,30,-15.7243355385071,-47.8962514499999,-15.7225172135072,-47.8841436339999,-15.722509774649753,-47.89033113204083,1.3799773434075508,True,60.0,60.0,649.0,649.0,1.0,False,
009EDF0050,ENTR. DF-005 (EPPR),CLUBE DO CONGRESSO,8.1,DUP,CA,-,-,18.115,-,DF-009,E,DF,50,-15.7225172135072,-47.8841436339999,-15.7705722385058,-47.8328836509999,-15.74233585042131,-47.853086529078,8.355873282707844,True,64.0,64.0,999.0,999.0,1.0,False,
010EDF0010,ENTR. EIXO MONUMENTAL,ACESSO AO AUTÓDROMO,1.5,DUP,CA,-,-,21.476,-,DF-010,E,DF,10,-15.7843778945054,-47.9100004499999,-15.7715803245058,-47.9100063069999,-15.778057404013015,-47.91027618603457,1.4642449433755793,True,52.0,52.0,341.0,341.0,1.0,False,
010EDF0030,ACESSO AO AUTÓDROMO,ACESSO AO SMU,1.9,DUP,CA,-,-,24.574,-,DF-010,E,DF,30,-15.7715803245058,-47.9100063069999,-15.7604179725061,-47.9225626399999,-15.765069923449554,-47.91544347020113,1.9033641023726453,True,51.0,51.0,298.0,298.0,1.0,False,
010EDF0050,ACESSO AO SMU,ENTR. DF-003 (EPIA),0.7,DUP,CA,-,-,35.123,-,DF-010,E,DF,50,-15.7604179725061,-47.9225626399999,-15.7574905085062,-47.9277874159999,-15.758953872050984,-47.925175223369735,0.6671924784373325,True,51.0,51.0,298.0,298.0,1.0,False,
010EDF0070,ENTR. DF-003 (EPIA),INÍCIO DE TRECHO DUPLICADO (km. 6.8),2.7,PAV,CA,-,-,10.564,-,DF-010,E,DF,70,-15.7574905085062,-47.9277874159999,-15.7604542445061,-47.949913223,-15.756888977370991,-47.9386729643838,2.625485730990585,True,75.0,75.0,50.0,50.0,1.0,False,
010EDF0090,INÍCIO DE TRECHO DUPLICADO (km. 6.8),8.0,1.0,DUP,CA,-,-,6.132,-,DF-010,E,DF,90,-15.7604542445061,-47.949913223,-15.7583342005061,-47.9597671189999,-15.75943132425032,-47.954839897236354,1.1341977607373046,True,74.0,74.0,57.0,57.0,1.0,False,
010EDF0110,FIM DE TRECHO DUPLICADO (km. 8.0),9.0,1.0,PAV,CA,-,-,6.132,-,DF-010,E,DF,110,-15.7583342005061,-47.9597671189999,-15.765001772506,-47.9643451609999,-15.760908671643346,-47.96297577180542,0.9609419621156534,True,62.0,62.0,234.0,234.0,1.0,False,
010EDF0130,INÍCIO DE TRECHO IMPLANTADO (km. 9.0),0.3,0,EOD,-,-,-,412,-,DF-010,E,DF,130,-15.765001772506,-47.9643451609999,-15.7827306885055,-47.9780496269999,-15.77508390469274,-47.96940740156034,2.569234499296533,True,80.0,80.0,783.0,783.0,1.0,False,
011EDF0010,ENTR. DF-003 (EPIA)/DF-085 (EPTG),ACESSO AO SETOR POLICIAL SUL,1.4,DUP,CA,-,-,57.182,-,DF-011,E,DF,10,-15.8100881925047,-47.9484184289999,-15.8103685815047,-47.9383129249999,-15.810862791688482,-47.94333807638855,1.1441613769473715,True,65.0,65.0,1107.0,1107.0,1.0,False,
011EDF0030,ACESSO AO SETOR POLICIAL SUL,ENTRADA DO PARQUE DA CIDADE- SUDOESTE,1.2,DUP,CA,-,-,42.172,-,DF-011,E,DF,30,-15.8103685815047,-47.9383129249999,-15.8067705235048,-47.9284263189999,-15.8084684753751,-47.93341027058023,1.172389825070723,True,65.0,65.0,1107.0,1107.0,1.0,False,
011EDF0050,ENTRADA DO PARQUE DA CIDADE- SUDOESTE,ENTR. EIXO MONUMENTAL,3.3,DUP,CA,-,-,29.049,-,DF-011,E,DF,50,-15.8067705235048,-47.9284263189999,-15.7863454395054,-47.909709877,-15.799613071306156,-47.91546815383688,3.2984104433067536,True,65.0,65.0,1107.0,1107.0,1.0,False,
015EDF0010,ENTR. DF-005 (EPPR),ENTR. BR-479/ DF-001 (EPCT)/DF- 250,3.9,PAV,TSD,-,-,11.470,DF-6,DF-015,E,DF,10,-15.7584254345062,-47.8129966719999,-15.7583728565062,-47.7781039579999,-15.760695329073355,-47.79573313794359,4.072592304448489,True,60.0,60.0,1090.0,1090.0,1.0,False,
025EDF0010,ENTR. DF-003 (EPIA),ENTR. DF-047 (EPAR),3.0,DUP,CA,-,-,49.416,-,DF-025,E,DF,10,-15.8745504365029,-47.9587452929999,-15.8610369975033,-47.9349939829999,-15.868486460003435,-47.94660946839908,3.072222199807038,True,54.0,54.0,1122.0,1122.0,1.0,False,
025EDF0030,ENTR. DF-047 (EPAR),ACESSO À PONTE PRESIDENTE MEDICI,4.8,DUP,CA,-,-,19.269,-,DF-025,E,DF,30,-15.8610369975033,-47.9349939829999,-15.8456560905037,-47.8962237699999,-15.855066549155593,-47.91475251440053,4.738981135050317,True,54.0,54.0,1122.0,1122.0,1.0,False,
025EDF0050,ACESSO À PONTE PRESIDENTE MEDICI,ACESSO À PONTE HONESTINO GUIMARÃES,3.2,DUP,CA,-,-,14.381,-,DF-025,E,DF,50,-15.8456560905037,-47.8962237699999,-15.8306893355041,-47.8716593069999,-15.838065967671689,-47.883126084486726,3.4548839212314406,True,61.0,61.0,1064.0,1064.0,1.0,False,
025EDF0070,ACESSO À PONTE HONESTINO GUIMARÃES,ENTR. DF-035 (EPCV),7.2,DUP,CA,-,-,34.012,-,DF-025,E,DF,70,-15.8306893355041,-47.8716593069999,-15.8433509935038,-47.850552842,-15.857661996728686,-47.87503939354368,7.371799394242865,True,61.0,61.0,1064.0,1064.0,1.0,False,
025EDF0090,ENTR. DF-035 (EPCV),ENTR. DF-027 (EPJK),3.1,DUP,CA,-,-,18.898,-,DF-025,E,DF,90,-15.8433509935038,-47.850552842,-15.834861514504,-47.824847303,-15.838616598129596,-47.8374412382732,3.207858559454818,True,61.0,61.0,1064.0,1064.0,1.0,False,
025EDF0100,ENTR. DF-027 (EPJK),ENTR. DF-001(A) (EPCT),4.6,DUP,CA,-,-,17.040,-,DF-025,E,DF,100,-15.834861514504,-47.824847303,-15.8086292875047,-47.8003267079999,-15.826147076748065,-47.80738608380225,4.624467017755677,True,61.0,61.0,1064.0,1064.0,1.0,False,
027EDF0010,ENTR. DF-025 (EPDB)/ ACESSO À PONTE JK,ENTR. DF-001 (EPCT),1.8,DUP,CA,-,-,38.934,-,DF-027,E,DF,10,-15.834861534504,-47.8248473049999,-15.8493013505036,-47.8150633239999,-15.842577702542355,-47.821268057969135,2.055223405741257,True,69.0,69.0,346.0,346.0,1.0,False,
035EDF0010,ENTR. DF-025 (EPDB),ENTR. DF-001 (EPCT),4.2,DUP,CA,-,-,19.283,-,DF-035,E,DF,10,-15.8433510015038,-47.8505528409999,-15.8640808855032,-47.8204549869999,-15.85586612419092,-47.838086638679606,4.330662456835195,True,64.0,64.0,489.0,489.0,1.0,False,
047EDF0010,AEROPORTO INTERNACIONAL DE BRASÍLIA,ENTR. DF-025 (EPDB),0.8,DUP,CA,-,-,57.345,-,DF-047,E,DF,10,-15.868793709503,-47.9363922729999,-15.8610369955033,-47.93499399,-15.864901663266677,-47.936047444240906,0.891823219471313,True,74.0,74.0,158.0,158.0,1.0,False,
047EDF0030,ENTR. DF-025 (EPDB),ENTR. DF-051 (EPGU)/ DF-004 (EPNA),1.8,DUP,CA,-,-,38.284,-,DF-047,E,DF,30,-15.8610369955033,-47.93499399,-15.8450995105037,-47.9314830319999,-15.853142121671304,-47.932828891984336,1.8226140089942744,True,74.0,74.0,158.0,158.0,1.0,False,
047EDF0050,ENTR. DF-051 (EPGU)/ DF-004 (EPNA),ENTR. DF-002 (ERS) (TREVO DE TRIAGEM SUL),1.2,DUP,CA,-,-,120.000,-,DF-047,E,DF,50,-15.8450995105037,-47.9314830319999,-15.835949868504,-47.9269986499999,-15.839741768960172,-47.93076868396761,1.2095170253975789,True,77.0,77.0,273.0,273.0,1.0,False,
051EDF0010,ENTR. DF-047 (EPAR),ENTR. DF-003 (EPIA),2.4,DUP,CA,-,-,63.336,-,DF-051,E,DF,10,-15.8450995115037,-47.9314830239999,-15.8405701875039,-47.9533011839999,-15.843959529037948,-47.94260823344129,2.4976467564273337,True,67.0,67.0,1041.0,1041.0,1.0,False,
051EDF0030,ENTR. DF-003 (EPIA),ACESSO AO GUARÁ II,1.5,DUP,CA,-,-,46.939,-,DF-051,E,DF,30,-15.8405701875039,-47.9533011839999,-15.836356058504,-47.9668592849999,-15.838463123003953,-47.9600802344999,1.5805126646359624,True,67.0,67.0,919.0,919.0,1.0,False,
055EDF0010,ENTR. DF-003 (EPIA),VARGEM BONITA (km. 7.2),2,PAV,CA,-,-,7.842,-,DF-055,E,DF,10,-15.8823604955027,-47.960001169,-15.9500436945008,-47.9360970769999,-15.913816687739306,-47.94734376428947,8.912629536414924,True,56.0,56.0,466.0,466.0,1.0,False,
065EDF0010,ENTR. DF-003 (EPIA),ENTR. BR-251/ DF-001 (EPCT)/DF- 480,4.0,DUP,CA,-,-,30.947,DF-16,DF-065,E,DF,10,-15.9475385925009,-47.9921091609999,-15.9660987445004,-48.0207063509999,-15.953976413534171,-48.00718621795139,4.042892938062719,True,78.0,78.0,421.0,421.0,1.0,False,
075EDF0010,ENTR. DF-003 (EPIA),ACESSO AO NÚCLEO BANDEIRANTE,2.0,DUP,CA,-,-,83.961,BR-060,DF-075,E,DF,10,-15.8620483195032,-47.9567297519999,-15.870294139503,-47.972912279,-15.8661712295031,-47.96482101549995,2.021822903547892,True,70.0,70.0,313.0,313.0,1.0,False,
075EDF0030,ACESSO AO NÚCLEO BANDEIRANTE,ENTR. DF-079 (EPVP),1.9,DUP,CA,-,-,56.586,BR-060,DF-075,E,DF,30,-15.870294139503,-47.972912279,-15.8762850755028,-47.9895320179999,-15.87436125486274,-47.98089404573477,1.994462102021164,True,65.0,65.0,317.0,317.0,1.0,False,
075EDF0050,ENTR. DF-079 (EPVP),ENTR. BR-251/ DF-001 (EPCT),4.2,DUP,CA,-,-,63.588,BR-060,DF-075,E,DF,50,-15.8762850755028,-47.9895320179999,-15.8759157095029,-48.0277590289999,-15.877973715721785,-48.00870263108121,4.284671438344403,True,70.0,70.0,313.0,313.0,1.0,False,
079EDF0010,ENTR. DF-085 (EPTG),ENTR. DF-081 (EPIB),2.3,DUP,CA,-,-,40.494,-,DF-079,E,DF,10,-15.8174073805045,-48.0128249449999,-15.837016450504,-48.0040518279999,-15.827206735151224,-48.00842566271303,2.391500140083957,True,57.0,57.0,522.0,522.0,1.0,False,
079EDF0030,ENTR. DF-081 (EPIB),ENTR. DF-075 (EPNB),5.9,DUP,CA,-,-,32.738,-,DF-079,E,DF,30,-15.837016450504,-48.0040518279999,-15.8762852935029,-47.989531999,-15.85854852414186,-47.98859560612565,5.999744942920333,True,57.0,57.0,522.0,522.0,1.0,False,
081EDF0010,ENTR. DF-003 (EPIA),ENTR. DF-079 (EPVP),6.5,PLA,-,-,-,-,-,DF-081,E,DF,10,-15.8281747925042,-47.9513141629999,-15.8370164535039,-48.0040518349999,-15.82392328423292,-47.97832093559568,6.474951665156705,True,45.0,45.0,484.0,484.0,1.0,False,
085EDF0010,ENTR. DF-003 (EPIA),ENTR. DF-087 (EPVL),5.8,DUP,CA,-,-,111.601,-,DF-085,E,DF,10,-15.8100881925047,-47.9484184289999,-15.8127600145046,-47.9999979789999,-15.809575257485124,-47.974318209257696,5.900667368756408,True,60.0,60.0,1170.0,1170.0,1.0,False,
085EDF0030,ENTR. DF-087 (EPVL),ENTR. DF-079 (EPVP),1.4,DUP,CA,-,-,124.335,-,DF-085,E,DF,30,-15.8127600145046,-47.9999979789999,-15.8174073755045,-48.012824947,-15.81511217066704,-48.00640111153019,1.5187632584459962,True,60.0,60.0,1170.0,1170.0,1.0,False,
085EDF0050,ENTR. DF-079 (EPVP),FIM DO TÚNEL DE TAGUATINGA,5.5,DUP,CA,-,-,97.669,-,DF-085,E,DF,50,-15.8174073755045,-48.012824947,-15.8318508805041,-48.0503347139999,-15.82719460381242,-48.03070521760968,4.549037910196921,True,65.0,65.0,1107.0,1107.0,1.0,False,
087EDF0010,ENTR. DF-095 (EPCL),ENTR. DF-085 (EPTG),3.1,DUP,CA,-,-,32.945,-,DF-087,E,DF,10,-15.7862327705054,-47.9972578019999,-15.8127600675046,-47.9999979589999,-15.799292993956849,-48.000572062892125,3.050674679996931,True,43.0,43.0,532.0,532.0,1.0,False,
095EDF0010,ENTR. DF-003 (EPIA),ENTR. DF-097 (EPAC),3.4,DUP,CC,-,-,61.820,-,DF-095,E,DF,10,-15.7858880615054,-47.9414011009999,-15.7954690765051,-47.9703466839999,-15.792663540775232,-47.95527474458289,3.465399108028018,True,80.0,80.0,783.0,783.0,1.0,False,
095EDF0030,ENTR. DF-097 (EPAC),ENTR. DF-087 (EPVL),3.1,DUP,CC,-,-,75.319,-,DF-095,E,DF,30,-15.7954690765051,-47.9703466839999,-15.7862335575054,-47.9972578469999,-15.789203743249931,-47.98325363755095,3.1994003055978637,True,80.0,80.0,783.0,783.0,1.0,False,
095EDF0050,ENTR. DF-087 (EPVL),ENTR. BR- 070/251/ DF-001 (EPCT),6.1,DUP,CC,-,-,57.004,-,DF-095,E,DF,50,-15.7862335575054,-47.9972578469999,-15.7922437525052,-48.0534586989999,-15.79042296238863,-48.02520365933852,6.316312946827248,True,80.0,80.0,783.0,783.0,1.0,False,
097EDF0010,ENTR. DF-095 (EPCL),DF-010 (EPAA),2.0,IMP,-,-,-,180,-,DF-097,E,DF,10,-15.7954723035051,-47.9703476009999,-15.7827306885055,-47.9780496269999,-15.78869062540312,-47.97262896280368,1.7936612432563517,True,80.0,80.0,783.0,783.0,1.0,False,
097EDF0030,DF-010 (EPAA),ENTR. BR-251/ DF-001 (EPCT),9.5,IMP,-,-,-,125,-,DF-097,E,DF,30,-15.7827306885055,-47.9780496269999,-15.7539555675063,-48.0475035949999,-15.754406490982731,-48.006995839640936,9.126599423503787,True,24.0,24.0,503.0,503.0,1.0,False,
100EDF0010,ENTR. BR-020/BR-030,ENTR. DF-230,8.5,PAV,CA,-,-,2.364,DF-021,DF-100,E,DF,10,-15.5836292565111,-47.3521576769999,-15.655546219509,-47.366371162,-15.6215271686984,-47.35997105921105,8.901605599421373,True,87.0,87.0,682.0,682.0,1.0,False,
100EDF0030,ENTR. DF-230,ENTR. VC-141,0.5,PAV,CA,-,-,2.364,DF-021,DF-100,E,DF,30,-15.655546219509,-47.366371162,-15.657823261509,-47.368721692,-15.656684740509,-47.367546427,0.3643058454475557,True,87.0,87.0,682.0,682.0,1.0,False,
100EDF0050,ENTR. VC-141,ENTR. VC-145,3.8,PAV,CA,-,-,2.404,DF-021,DF-100,E,DF,50,-15.657823261509,-47.368721692,-15.6818219125083,-47.3906106659999,-15.669296480176335,-47.38056518866583,3.67121923944533,True,87.0,87.0,682.0,682.0,1.0,False,
100EDF0070,ENTR. VC-145,ENTR. VC-143,0.2,PAV,CA,-,-,2.449,DF-021,DF-100,E,DF,70,-15.6818219125083,-47.3906106659999,-15.6868412975082,-47.3906437319999,-15.68433160500825,-47.3906271989999,0.5587700623391052,True,87.0,87.0,682.0,682.0,1.0,False,
100EDF0090,ENTR. VC-143,ENTR. BR-479/DF-250,3.5,PAV,CA,-,-,2.492,DF-021,DF-100,E,DF,90,-15.6868412975082,-47.3906437319999,-15.7157320975074,-47.3908340559999,-15.7012866975078,-47.3907388939999,3.2161936415460857,True,89.0,89.0,667.0,667.0,1.0,False,
100EDF0110,ENTR. BR-479/DF-250,ENTR. VC-169(A),5.3,IMP,-,-,-,311,DF-021,DF-100,E,DF,110,-15.7157320975074,-47.3908340559999,-15.7648531655059,-47.384117758,-15.74029263150665,-47.38747590699995,5.519034070137758,True,70.0,70.0,1375.0,1375.0,1.0,False,
100EDF0130,ENTR. VC-169(A),ENTR. DF-105,0.2,IMP,-,-,-,311,DF-021,DF-100,E,DF,130,-15.7648531655059,-47.384117758,-15.7699108435058,-47.383426224,-15.76738200450585,-47.383771991,0.5682591722031934,False,,,,,,,"400: {""error"":""Point too far from nearest existing segment."",""httpStatusCode"":400,""detailedError"":{""code"":""INVALID_REQUEST"",""message"":""Point too far from nearest existing segment.""}}"
100EDF0150,ENTR. DF-105,ENTR. VC-169(B),2.0,IMP,-,-,-,374,DF-021,DF-100,E,DF,150,-15.7699108435058,-47.383426224,-15.7878095185054,-47.3809789469999,-15.7788601810056,-47.382202585499954,2.011018927980399,False,,,,,,,"400: {""error"":""Point too far from nearest existing segment."",""httpStatusCode"":400,""detailedError"":{""code"":""INVALID_REQUEST"",""message"":""Point too far from nearest existing segment.""}}"
100EDF0170,ENTR. VC-169(B),ENTR. DF-310,4.1,IMP,-,-,-,374,DF-021,DF-100,E,DF,170,-15.7878095185054,-47.3809789469999,-15.8244695585043,-47.3823467189999,-15.806159192235745,-47.37963381004661,4.121122257347759,False,,,,,,,"400: {""error"":""Point too far from nearest existing segment."",""httpStatusCode"":400,""detailedError"":{""code"":""INVALID_REQUEST"",""message"":""Point too far from nearest existing segment.""}}"
100EDF0190,ENTR. DF-310,ENTR. DF-260/DF-320,3.6,IMP,-,-,-,374,DF-021,DF-100,E,DF,190,-15.8244695585043,-47.3823467189999,-15.8567395105034,-47.3870832369999,-15.840648799907644,-47.38460098230191,3.637898388115208,False,,,,,,,"400: {""error"":""Point too far from nearest existing segment."",""httpStatusCode"":400,""detailedError"":{""code"":""INVALID_REQUEST"",""message"":""Point too far from nearest existing segment.""}}"
100EDF0210,ENTR. DF-260/DF-320,ENTR. VC-421,4.2,IMP,-,-,-,407,DF-021,DF-100,E,DF,210,-15.8567395105034,-47.3870832369999,-15.8935179315024,-47.3924766679999,-15.8751287210029,-47.3897799524999,4.137962730427193,False,,,,,,,"400: {""error"":""Point too far from nearest existing segment."",""httpStatusCode"":400,""detailedError"":{""code"":""INVALID_REQUEST"",""message"":""Point too far from nearest existing segment.""}}"
100EDF0230,ENTR. VC-421,ENTR. DF-270,3.4,IMP,-,-,-,407,DF-021,DF-100,E,DF,230,-15.8935179315024,-47.3924766679999,-15.9244190245015,-47.3970157729999,-15.908968479286983,-47.39474621174454,3.476823225864271,False,,,,,,,"400: {""error"":""Point too far from nearest existing segment."",""httpStatusCode"":400,""detailedError"":{""code"":""INVALID_REQUEST"",""message"":""Point too far from nearest existing segment.""}}"
100EDF0250,ENTR. DF-270,ENTR. DF-285,10.5,IMP,-,-,-,407,DF-021,DF-100,E,DF,250,-15.9244190245015,-47.3970157729999,-16.0219935974988,-47.4074426209999,-15.973012244777996,-47.39907752081573,11.063100449367084,False,,,,,,,"400: {""error"":""Point too far from nearest existing segment."",""httpStatusCode"":400,""detailedError"":{""code"":""INVALID_REQUEST"",""message"":""Point too far from nearest existing segment.""}}"
100EDF0270,ENTR. DF-285,ENTR. DF-295/ DIVISA DF/GO,3.0,IMP,-,-,-,282,DF-021,DF-100,E,DF,270,-16.0219935974988,-47.4074426209999,-16.049777299498,-47.4157636369999,-16.03483305775429,-47.413609097764194,3.365612416033465,False,,,,,,,"400: {""error"":""Point too far from nearest existing segment."",""httpStatusCode"":400,""detailedError"":{""code"":""INVALID_REQUEST"",""message"":""Point too far from nearest existing segment.""}}"
105EDF0010,ENTR. BR-020/030,FIM DO TRECHO IMPLANTADO (km. 5.9),5.9,IMP,-,-,-,220,FZ-35,DF-105,E,DF,10,-15.5797273135112,-47.4025062219999,-15.6300698615097,-47.3961536349999,-15.606615214627084,-47.40120276455252,6.011553185443607,True,87.0,87.0,682.0,682.0,1.0,False,
105EDF0020,FIM DE TRECHO IMPLANTADO (km. 5.9),2.1,3,PLA,-,-,-,-,FZ-35,DF-105,E,DF,20,-15.6300698615097,-47.3961536349999,-15.6401170035095,-47.3951739579999,-15.635091933733175,-47.39571913062916,1.1253464160138107,True,87.0,87.0,682.0,682.0,1.0,False,
105EDF0030,ENTR. DF-230,ENTR. VC-143,6.0,PLA,-,-,-,-,FZ-35,DF-105,E,DF,30,-15.6401170035095,-47.3951739579999,-15.6885939175081,-47.4134515079999,-15.663650053815068,-47.406509367313134,5.815537987406548,True,68.0,68.0,1415.0,1415.0,1.0,False,
105EDF0050,ENTR. VC-143,ENTR. BR-479(B)/ DF-250(A),4.4,IMP,-,-,-,220,FZ-35,DF-105,E,DF,50,-15.6885939175081,-47.4134515079999,-15.7067309165076,-47.4382753899999,-15.691323752788552,-47.42890867014698,4.016683393827913,True,68.0,68.0,1415.0,1415.0,1.0,False,
105EDF0090,ENTR. BR-479(A)/ DF-250(B),ENTR. VC-155,0.9,IMP,-,-,-,63,FZ-35,DF-105,E,DF,90,-15.7089104105075,-47.4316944159999,-15.7189187995073,-47.4311980819999,-15.7139146050074,-47.431446248999904,1.115503042691583,True,70.0,70.0,1375.0,1375.0,1.0,False,
105EDF0110,ENTR. VC-155,ENTR. DF-100,9.1,IMP,-,-,-,63,FZ-35,DF-105,E,DF,110,-15.7189187995073,-47.4311980819999,-15.7699109145058,-47.3834267419999,-15.754039042611538,-47.418616696518775,8.996041783060273,False,,,,,,,"400: {""error"":""Point too far from nearest existing segment."",""httpStatusCode"":400,""detailedError"":{""code"":""INVALID_REQUEST"",""message"":""Point too far from nearest existing segment.""}}"
110EDF0010,ENTR. DF-205,ENTR. VC-113,5.5,IMP,-,-,-,282,DF-19,DF-110,E,DF,10,-15.515448967513,-47.4761436819999,-15.5677035865115,-47.4988663529999,-15.542378438642276,-47.48537458713077,6.390701286971646,True,60.0,60.0,582.0,582.0,1.0,False,
110EDF0030,ENTR. VC-113,ENTR. BR-020/BR-030,1.2,IMP,-,-,-,282,DF-19,DF-110,E,DF,30,-15.5677035865115,-47.4988663529999,-15.5795763465112,-47.4970470339999,-15.573663323778836,-47.49838704494394,1.3499414526190172,True,60.0,60.0,582.0,582.0,1.0,False,
110EDF0050,ENTR. BR-020/BR-030,ENTR. VC-121,0.9,IMP,-,-,-,51,DF-19,DF-110,E,DF,50,-15.5795763465112,-47.4970470339999,-15.587949556511,-47.4951699039999,-15.5837629515111,-47.4961084689999,0.9552414717566108,True,62.0,62.0,705.0,705.0,1.0,False,
110EDF0070,ENTR. VC-121,ENTR. DF-230(A),7.4,IMP,-,-,-,51,DF-19,DF-110,E,DF,70,-15.587949556511,-47.4951699039999,-15.6548299185091,-47.4866909509999,-15.621156625208863,-47.48938480163606,7.520974000667688,True,62.0,62.0,705.0,705.0,1.0,False,
110EDF0090,ENTR. DF-230(A),ENTR. DF-230(B),0.5,IMP,-,230EDF0190,-,119,DF-19,DF-110,E,DF,90,-15.6548299185091,-47.4866909509999,-15.6619976325089,-47.4861175369999,-15.658413775509,-47.4864042439999,0.8004591342350028,True,62.0,62.0,705.0,705.0,1.0,False,
110EDF0110,ENTR. DF-230(B),ENTR. BR-479/DF-250,3.0,IMP,-,-,-,119,DF-19,DF-110,E,DF,110,-15.6619976325089,-47.4861175369999,-15.6874052435082,-47.4895722789999,-15.675068201772044,-47.48529184079716,2.918171898634571,True,62.0,62.0,705.0,705.0,1.0,False,
120EDF0010,ENTR. BR-479/DF-250,ENTR. DF-455,11.0,IMP,-,-,-,234,DF-19,DF-120,E,DF,10,-15.728545617507,-47.604989434,-15.8145698365046,-47.5696963629999,-15.773944541082694,-47.60187741413143,11.56762049013648,True,70.0,70.0,1313.0,1313.0,1.0,False,
120EDF0030,ENTR. DF-455,ENTR. DF-355,2.8,PAV,CA,-,-,359,-,DF-120,E,DF,30,-15.8145698365046,-47.5696963629999,-15.8388470745039,-47.5624114029999,-15.82696312498845,-47.56670758685905,2.838533181328802,False,,,,,,,"400: {""error"":""Point too far from nearest existing segment."",""httpStatusCode"":400,""detailedError"":{""code"":""INVALID_REQUEST"",""message"":""Point too far from nearest existing segment.""}}"
120EDF0050,ENTR. DF-355,ENTR. VC-419,1.0,IMP,-,-,-,296,-,DF-120,E,DF,50,-15.8388470745039,-47.5624114029999,-15.8459491835037,-47.5516678419999,-15.843283915425642,-47.557758926296245,1.4883614092202715,False,,,,,,,"400: {""error"":""Point too far from nearest existing segment."",""httpStatusCode"":400,""detailedError"":{""code"":""INVALID_REQUEST"",""message"":""Point too far from nearest existing segment.""}}"
120EDF0070,ENTR. VC-419,ENTR. DF-260(A),2.9,IMP,-,-,-,296,FZ-20 B,DF-120,E,DF,70,-15.8459491835037,-47.5516678419999,-15.871240467503,-47.5528539569999,-15.858493779919607,-47.55488061091798,2.8830747591301065,False,,,,,,,"400: {""error"":""Point too far from nearest existing segment."",""httpStatusCode"":400,""detailedError"":{""code"":""INVALID_REQUEST"",""message"":""Point too far from nearest existing segment.""}}"
120EDF0110,ENTR. DF-125/DF- 260(B),ENTR. VC-427,5.9,IMP,-,-,-,144,FZ-11,DF-120,E,DF,110,-15.8722444615029,-47.5580946929999,-15.907148802502,-47.5153180489999,-15.89129332688082,-47.537414789242085,6.415928131932191,False,,,,,,,"400: {""error"":""Point too far from nearest existing segment."",""httpStatusCode"":400,""detailedError"":{""code"":""INVALID_REQUEST"",""message"":""Point too far from nearest existing segment.""}}"
120EDF0130,ENTR. VC-427,ENTR. DF-270(A),2.1,IMP,-,-,-,144,-,DF-120,E,DF,130,-15.907148802502,-47.5153180489999,-15.9246580465015,-47.5201021199999,-15.915983420597255,-47.5164476148458,2.09571000660493,False,,,,,,,"400: {""error"":""Point too far from nearest existing segment."",""httpStatusCode"":400,""detailedError"":{""code"":""INVALID_REQUEST"",""message"":""Point too far from nearest existing segment.""}}"
120EDF0170,ENTR. DF-270(B),ENTR. DF-285,15.1,IMP,-,-,-,531,-,DF-120,E,DF,170,-15.9280888555014,-47.5372756579999,-16.0116047514991,-47.4775730769999,-15.947420521610564,-47.47769646718609,15.047852718652162,False,,,,,,,"400: {""error"":""Point too far from nearest existing segment."",""httpStatusCode"":400,""detailedError"":{""code"":""INVALID_REQUEST"",""message"":""Point too far from nearest existing segment.""}}"
125EDF0010,ENTR. DF-120/DF-260,INICIO DE TRECHO PLANEJADO (km. 2.5),2.5,IMP,-,-,-,179,FZ-15,DF-125,E,DF,10,-15.8732052575029,-47.557592117,-15.8903555555025,-47.5611956719999,-15.88239685543737,-47.56370665523626,2.491942718250887,False,,,,,,,"400: {""error"":""Point too far from nearest existing segment."",""httpStatusCode"":400,""detailedError"":{""code"":""INVALID_REQUEST"",""message"":""Point too far from nearest existing segment.""}}"
125EDF0030,INICIO DE TRECHO PLANEJADO (km. 2.5),3.5,1.0,PLA,-,-,-,-,-,DF-125,E,DF,30,-15.8903555555025,-47.5611956719999,-15.9001681655022,-47.5619846769999,-15.89543891604792,-47.562577902856525,1.3680670401149466,False,,,,,,,"400: {""error"":""Point too far from nearest existing segment."",""httpStatusCode"":400,""detailedError"":{""code"":""INVALID_REQUEST"",""message"":""Point too far from nearest existing segment.""}}"
125EDF0050,FIM DE TRECHO PLANEJADO (km. 3.5),5.5,0,IMP,-,-,-,179,FZ-14,DF-125,E,DF,50,-15.9001681655022,-47.5619846769999,-15.9373098365011,-47.5835000099999,-15.917566305934209,-47.57604881405376,5.115372607198053,False,,,,,,,"400: {""error"":""Point too far from nearest existing segment."",""httpStatusCode"":400,""detailedError"":{""code"":""INVALID_REQUEST"",""message"":""Point too far from nearest existing segment.""}}"
125EDF0090,ENTR. DF-270(B),CÓRREGO LAMARÃO,2.7,IMP,-,-,-,378,FZ-13,DF-125,E,DF,90,-15.9315750915013,-47.5547345029999,-15.9548108615007,-47.550319682,-15.943149817070454,-47.55223834004575,2.636240947205919,True,80.0,80.0,841.0,841.0,1.0,False,
125EDF0100,CÓRREGO LAMARÃO,ENTR. BR-251(A),5.2,PAV,TSD,-,-,615,FZ-3,DF-125,E,DF,100,-15.9548108615007,-47.550319682,-15.9903712994997,-47.574443174,-15.974188972933336,-47.556866755105446,5.334472672586858,True,80.0,80.0,841.0,841.0,1.0,False,
125EDF0120,ENTR. BR-251(B),FIM DO TRECHO PAVIMENTADO (km. 21.3), 0.6,PAV,-,-,-,124,FZ-2,DF-125,E,DF,120,-15.9988847964994,-47.5633516729999,-16.0051922054993,-47.5649948369999,-16.002038500999348,-47.5641732549999,0.7255758372698063,True,84.0,84.0,806.0,806.0,1.0,False,
125EDF0130,FIM DO TRECHO PAVIMENTADO (km. 21.3),2.4,9,IMP,-,-,-,124,FZ-2,DF-125,E,DF,130,-16.0051922054993,-47.5649948369999,-16.049623012498,-47.5729490269999,-16.027181520064442,-47.57072334551899,5.059102784587206,True,84.0,84.0,806.0,806.0,1.0,False,
128EDF0010,DIVISA GO/DF,ENTR. DF-205,3.4,PAV,TSD,-,-,15.441,DF-15/DF-130,DF-128,E,DF,10,-15.5002525975134,-47.6174313739999,-15.5282706885127,-47.6224954649999,-15.514980184747142,-47.61822641816927,3.4099098909202854,True,62.0,62.0,1156.0,1156.0,1.0,False,
128EDF0030,ENTR. DF-205,ENTR. DF-131,8.4,PAV,TSD,-,-,9.566,DF-15/DF-130,DF-128,E,DF,30,-15.5282706885127,-47.6224954649999,-15.5823069055111,-47.6780308649999,-15.555289246084897,-47.65026272802744,8.62575101648083,True,64.0,64.0,1118.0,1118.0,1.0,False,
128EDF0050,ENTR. DF-131,ENTR. BR- 010/020/030,2.0,PAV,TSD,-,-,9.907,DF-15/DF-130,DF-128,E,DF,50,-15.5823069055111,-47.6780308649999,-15.5980792935107,-47.675448307,-15.590379509592726,-47.67999576808799,1.9912207983368468,True,64.0,64.0,1118.0,1118.0,1.0,False,
128EDF0070,ENTR. BR-010/020/030,ACESSO A PLANALTINA/ 1º DISTRITO RODOVIÁRIO,2.5,PAV,CA,-,-,8.209,DF-15/DF-130,DF-128,E,DF,70,-15.5980792935107,-47.675448307,-15.62036075251,-47.6725817849999,-15.60875571696586,-47.67196793864575,2.587357071020876,True,46.0,46.0,440.0,440.0,1.0,False,
128EDF0090,ACESSO A PLANALTINA/ 1º DISTRITO RODOVIÁRIO,ENTR. DF-230,3.0,PAV,TSD,-,-,7.817,DF-15/DF-130,DF-128,E,DF,90,-15.62036075251,-47.6725817849999,-15.6418964985094,-47.6855100779999,-15.634120377294517,-47.674107618001216,3.100003142589798,True,45.0,45.0,449.0,449.0,1.0,False,
128EDF0110,ENTR. DF-230,ACESSO AO INSTITUTO FEDERAL DE BRASÍLIA,2.5,PAV,CA,-,-,1.235,DF-15/DF-130/ DF-129,DF-128,E,DF,110,-15.6418964985094,-47.6855100779999,-15.657571631509,-47.6934194439999,-15.64744686800379,-47.69483865957016,2.41673679863708,True,55.0,55.0,512.0,512.0,1.0,False,
128EDF0130,ACESSO AO INSTITUTO FEDERAL DE BRASÍLIA,ENTR. DF-444,2.4,PAV,-,-,-,1.292,DF-15/ DF-130/ DF-129,DF-128,E,DF,130,-15.657571631509,-47.6934194439999,-15.6793195405084,-47.6928496639999,-15.668599119960032,-47.69203634895132,2.538886444261184,True,55.0,55.0,512.0,512.0,1.0,False,
128EDF0150,ENTR. DF-444,PEDRA FUNDAMENTAL,1.6,EOP,-,-,-,450,-,DF-128,E,DF,150,-15.6793195405084,-47.6928496639999,-15.6856356655082,-47.6800757629999,-15.68276136672695,-47.68654654470629,1.5997066584535429,False,,,,,,,"400: {""error"":""Point too far from nearest existing segment."",""httpStatusCode"":400,""detailedError"":{""code"":""INVALID_REQUEST"",""message"":""Point too far from nearest existing segment.""}}"
130EDF0010,ENTR. DF-230,ACESSO AO VALE DO AMANHECER,2.5,PAV,CA,-,-,14.608,DF-15/DF-130,DF-130,E,DF,10,-15.6478359105093,-47.6502645399999,-15.6702740085086,-47.6443092189999,-15.659349752886891,-47.64850684750139,2.605802063079671,True,67.0,67.0,1352.0,1352.0,1.0,False,
130EDF0030,ACESSO AO VALE DO AMANHECER,ENTR. BR-479/DF-250,6.7,PAV,CA,-,-,7.345,DF-15/DF-130,DF-130,E,DF,30,-15.6702740085086,-47.6443092189999,-15.727419628507,-47.660503064,-15.697664226091504,-47.65437447070904,6.763806975448406,True,67.0,67.0,1352.0,1352.0,1.0,False,
130EDF0050,ENTR. BR-479/DF-250,ENTR. DF-455,6.6,PAV,TSD,-,-,4.630,DF-15/DF-130,DF-130,E,DF,50,-15.7274196275071,-47.660503065,-15.7813342235055,-47.6463975229999,-15.755645502901576,-47.66088365946737,6.56602509411677,True,67.0,67.0,1352.0,1352.0,1.0,False,
130EDF0070,ENTR. DF-455,ENTR. VC-411,1.8,PAV,TSD,-,-,3.856,DF-15/DF-130,DF-130,E,DF,70,-15.7813342235055,-47.6463975229999,-15.7961698315051,-47.6401067619999,-15.788412768800168,-47.64244630120536,1.805064305821996,True,70.0,70.0,1313.0,1313.0,1.0,False,
130EDF0090,ENTR. VC-411,ENTR. VC-413,2.9,PAV,TSD,-,-,4.555,DF-15/DF-130,DF-130,E,DF,90,-15.7961698315051,-47.6401067619999,-15.8217292075044,-47.6328176529999,-15.80894951950475,-47.6364622074999,2.9587105558229982,True,70.0,70.0,1313.0,1313.0,1.0,False,
130EDF0110,ENTR. VC-413,ENTR. DF-355,2.4,PAV,TSD,-,-,4.555,DF-15/DF-130,DF-130,E,DF,110,-15.8217292075044,-47.6328176529999,-15.8431669925038,-47.6267039529999,-15.8324481000041,-47.6297608029999,2.481602091531741,True,70.0,70.0,1313.0,1313.0,1.0,False,
130EDF0130,ENTR. DF-355,ENTR. DF-260,2.3,PAV,TSD,-,-,4.555,DF-15/DF-130,DF-130,E,DF,130,-15.8431669925038,-47.6267039529999,-15.8630612085032,-47.6210442299999,-15.8531141005035,-47.6238740914999,2.3025010045578496,True,70.0,70.0,1313.0,1313.0,1.0,False,
130EDF0150,ENTR. DF-260,ENTR. VC-401,2.7,PAV,TSD,-,-,4.555,DF-15/DF-130,DF-130,E,DF,150,-15.8630612085032,-47.6210442299999,-15.8868088855025,-47.6142609059999,-15.874934478525594,-47.6176505777926,2.7493238048103827,True,64.0,64.0,656.0,656.0,1.0,False,
130EDF0170,ENTR. VC-401,ACESSO AO 4º DISTRITO RODOVIÁRIO,1.6,PAV,TSD,-,-,3.466,DF-15/DF-130,DF-130,E,DF,170,-15.8868088865025,-47.6142609059999,-15.9004882145022,-47.6103561199999,-15.89364855050235,-47.6123085129999,1.583608162639587,True,64.0,64.0,656.0,656.0,1.0,False,
130EDF0190,ACESSO AO 4º DISTRITO RODOVIÁRIO,ENTR. DF-270,4.6,PAV,TSD,-,-,3.466,DF-15/DF-130,DF-130,E,DF,190,-15.9004882145022,-47.6103561199999,-15.940407628501,-47.6005004069999,-15.920415433951629,-47.60466786454182,4.613809524844794,True,70.0,70.0,1313.0,1313.0,1.0,False,
130EDF0210,ENTR. DF-270,ENTR. BR-251(A),0.5,PAV,TSD,-,-,4.066,DF-15/DF-130,DF-130,E,DF,210,-15.940407628501,-47.6005004069999,-15.9438732605009,-47.6033966169999,-15.942264436926846,-47.601790622905725,0.5061097573389287,True,64.0,64.0,656.0,656.0,1.0,False,
130EDF0230,ENTR. BR-251(A),ENTR. BR-251(B),3.4,PAV,CA,-,251BDF0525,2.457,DF-18/DF-130,DF-130,E,DF,230,-15.9438732605009,-47.6033966169999,-15.9697717995002,-47.5872694679999,-15.956824371170274,-47.59533379178062,3.396558495401493,True,80.0,80.0,841.0,841.0,1.0,False,
130EDF0250,ENTR. BR-251(B),ENTR. DF-295/ DIVISA DF/GO,9.8,PAV,CA,-,-,2.313,-,DF-130,E,DF,250,-15.9697717995002,-47.5872694679999,-16.049619532498,-47.6172637409999,-16.00709220923251,-47.61000029685291,9.761074104969923,True,87.0,87.0,398.0,398.0,1.0,False,
131EDF0010,DIVISA GO/DF,ENTR. DF-205,3.0,IMP,-,-,-,247,DF-15/DF-335,DF-131,E,DF,10,-15.5002082465134,-47.6887636719999,-15.5286260215126,-47.6883890969999,-15.514447043377052,-47.68686373181437,3.2816513938146783,True,59.0,59.0,1463.0,1463.0,1.0,False,
131EDF0030,ENTR. DF-205,ENTR. DF-335,4.5,PAV,-,-,-,467,DF-335,DF-131,E,DF,30,-15.5286260215126,-47.6883890969999,-15.5655016375116,-47.6853153119999,-15.5470638295121,-47.6868522044999,4.119229916747859,True,52.0,52.0,424.0,424.0,1.0,False,
131EDF0050,ENTR. DF-335,ENTR. DF-128,1.8,PAV,-,-,-,467,DF-335,DF-131,E,DF,50,-15.5655016375116,-47.6853153119999,-15.5823069065111,-47.6780308639999,-15.574603712931248,-47.68354068654981,2.1085939949443664,True,51.0,51.0,432.0,432.0,1.0,False,
135EDF0010,ENTR. BR-251,ENTR. VC-467,13.2,PLA,-,-,-,-,DF-13,DF-135,E,DF,10,-15.9384132005011,-47.7601598429999,-16.0331020484985,-47.7549883049999,-15.982935992514404,-47.73055421658441,14.861575308979171,True,86.0,86.0,984.0,984.0,1.0,False,
135EDF0030,ENTR. VC-467,DIVISA DF/GO,2.5,IMP,-,-,-,210,DF-13,DF-135,E,DF,30,-16.0331020484985,-47.7549883049999,-16.0519473804979,-47.7389983269999,-16.041151077324876,-47.7452872996639,2.866004928427006,False,,,,,,,"400: {""error"":""Point too far from nearest existing segment."",""httpStatusCode"":400,""detailedError"":{""code"":""INVALID_REQUEST"",""message"":""Point too far from nearest existing segment.""}}"
140EDF0010,ENTR. DF-001 (EPCT),ENTR. BR-251,1.3,DUP,CA,-,-,10.971,DF-11,DF-140,E,DF,10,-15.9280280565014,-47.8325808449999,-15.9390603085011,-47.8274445029999,-15.933544182501253,-47.8300126739999,1.3546898186961769,True,76.0,76.0,58.0,58.0,1.0,False,
140EDF0030,ENTR. BR-251,ENTR. VC-467,7.1,EOD,CA,-,-,5.591,DF-11,DF-140,E,DF,30,-15.9390603085011,-47.8274445029999,-15.9977999954994,-47.8090311539999,-15.969136792195505,-47.81864006543781,7.17078223919975,True,69.0,69.0,1147.0,1147.0,1.0,False,
140EDF0050,ENTR. VC-467,ENTR. DIVISA DF/GO,6.4,EOD,TSD,-,-,5.916,DF-11,DF-140,E,DF,50,-15.9977999954994,-47.8090311539999,-16.050003843498,-47.8146275119999,-16.024286152462935,-47.80179319127706,6.399375875586184,True,69.0,69.0,1147.0,1147.0,1.0,False,
150EDF0010,ENTR. BR-010/ 020/030/DF-001/003 (PARQUE RODOVIÁRIO DO DER-DF),ACESSO A SOBRADINHO II,6.9,DUP,CA,-,-,23.866,DF-7,DF-150,E,DF,10,-15.6876134285082,-47.860429086,-15.6377710195096,-47.8512273689999,-15.66685374626063,-47.84095264203712,7.062272537442571,True,59.0,59.0,857.0,857.0,1.0,False,
150EDF0050,ACESSO A SOBRADINHO II,ENTR. DF-205,6.6,PAV,CA,-,-,9.470,DF-7,DF-150,E,DF,50,-15.6377710195096,-47.8512273689999,-15.5923625245108,-47.8729920509999,-15.618297866725158,-47.8685026832266,6.822320171630598,True,60.0,60.0,1195.0,1195.0,1.0,False,
180EDF0190,ENTR. BR-080(B)/ BR-251(B) /DF-445,ENTR. VC-555,0.9,PAV,TSD,-,-,7.459,DF-3,DF-180,E,DF,190,-15.7310056215069,-48.1677376609999,-15.7388433965067,-48.1676926899999,-15.7349245090068,-48.1677151754999,0.8725154748785982,True,51.0,51.0,525.0,525.0,1.0,False,
180EDF0210,ENTR. VC-555,ENTR. VC-561,0.9,PAV,TSD,-,-,7.459,DF-3,DF-180,E,DF,210,-15.7388433965067,-48.1676926899999,-15.7466885015065,-48.1676476779999,-15.7427659490066,-48.1676701839999,0.8733314632344965,True,55.0,55.0,487.0,487.0,1.0,False,
180EDF0230,ENTR. VC-561,ENTR. BR-070(A),5.8,PAV,TSD,-,-,7.459,DF-3,DF-180,E,DF,230,-15.7466885015065,-48.1676476779999,-15.7964075415051,-48.172418149,-15.772628358038633,-48.16795440829437,5.785312566048746,True,51.0,51.0,525.0,525.0,1.0,False,
180EDF0250,ENTR. BR-070(A),ENTR. BR-070(B),2.6,DUP,CA,-,070BDF0030,29.904,DF-3,DF-180,E,DF,250,-15.7964065285051,-48.1724184409999,-15.7957714165051,-48.1960591869999,-15.799172488955936,-48.18429034048498,2.7289302991724846,True,78.0,78.0,915.0,915.0,1.0,False,
180EDF0270,ENTR. BR-070(B),ENTR. DF-190,4.3,PAV,TSD,-,-,10.881,DF-3,DF-180,E,DF,270,-15.7957719525051,-48.1960593479999,-15.8289211495042,-48.2171595959999,-15.812728398302236,-48.20614010303423,4.485050841297423,True,53.0,53.0,293.0,293.0,1.0,False,
180EDF0290,ENTR. DF-190,ENTR. VC-311,6.7,PAV,TSD,-,-,10.881,DF-3,DF-180,E,DF,290,-15.8289211495042,-48.2171595959999,-15.8628607595032,-48.168519623,-15.846736356026762,-48.19370831151769,6.665117015118683,True,61.0,61.0,1200.0,1200.0,1.0,False,
180EDF0310,ENTR. VC-311,ACESSO A SAMAMBAIA,4.8,PAV,TSD,-,-,5.880,DF-3,DF-180,E,DF,310,-15.8628607595032,-48.168519623,-15.8991740285022,-48.14750734,-15.878309324765636,-48.15410158966723,4.871798644680682,True,61.0,61.0,1200.0,1200.0,1.0,False,
180EDF0330,ACESSO A SAMAMBAIA,ENTR. BR-060,0.9,PAV,TSD,-,-,8.200,DF-3,DF-180,E,DF,330,-15.8991740285022,-48.14750734,-15.9079444855019,-48.1448878859999,-15.90353717873342,-48.14611863877284,1.0194281024113854,True,61.0,61.0,1200.0,1200.0,1.0,False,
180EDF0350,ENTR. BR-060,ENTR. VC-337(A),1.4,PAV,TSD,-,-,6.643,DF-3,DF-180,E,DF,350,-15.9079444855019,-48.1448878859999,-15.9195339735016,-48.1438724739999,-15.913690984300564,-48.14391692096682,1.3009207528130189,True,58.0,58.0,1542.0,1542.0,1.0,False,
180EDF0370,ENTR. VC-337(A),ENTR. VC-337(B),6.0,PAV,TSD,-,-,6.643,DF-3,DF-180,E,DF,370,-15.9195339735016,-48.1438724739999,-15.9558162375007,-48.133878438,-15.940538881264704,-48.14370292232375,4.676685628680276,True,58.0,58.0,1542.0,1542.0,1.0,False,
180EDF0390,ENTR. VC-337(B),ENTR. VC-351,3.1,PAV,TSD,-,-,6.643,DF-3,DF-180,E,DF,390,-15.9558162375007,-48.133878438,-15.9918120244996,-48.1153129219999,-15.973862784919476,-48.124495040279584,4.529643110656148,True,59.0,59.0,544.0,544.0,1.0,False,
180EDF0410,ENTR. VC-351,ENTR. DF-290,2.0,PAV,TSD,-,-,6.643,DF-3,DF-180,E,DF,410,-15.9918120244996,-48.1153129219999,-16.0083422034991,-48.1212314289999,-16.000942657213077,-48.11609402307732,2.0495564934508503,True,59.0,59.0,544.0,544.0,1.0,False,
190EDF0010,ENTR. DF-180,ENTR. VC-321,5.9,PAV,TSD,-,-,3.460,DF-1,DF-190,E,DF,10,-15.8289215265042,-48.2171602829999,-15.8665403555031,-48.2478686829999,-15.847614338308633,-48.23043022237791,6.00886477775412,True,79.0,79.0,718.0,718.0,1.0,False,
190EDF0030,ENTR. VC-321,ENTR. DF-280(A),10.0,PAV,TSD,-,-,3.460,DF-1,DF-190,E,DF,30,-15.8665403555031,-48.2478686829999,-15.942445407501,-48.2473545449999,-15.904121517718474,-48.247773620103,9.99248229928792,True,79.0,79.0,715.0,715.0,1.0,False,
190EDF0070,ENTR. DF-280(B),ENTR. BR-060,5.8,PLA,-,-,-,-,DF-1,DF-190,E,DF,70,-15.942466176501,-48.2397287399999,-15.9863968944998,-48.2197361819999,-15.963540639695296,-48.23007194699096,5.746457819492621,True,112.0,112.0,134.0,134.0,1.0,False,
205EDF0010,DIVISA GO/DF,ENTR. VC-201(A),1.5,IMP,-,-,-,231,DF-2,DF-205,E,DF,10,-15.5002078595134,-47.9775562159999,-15.514686957513,-47.9732839069999,-15.507027061101072,-47.97403165211946,1.7282818146713803,True,56.0,56.0,1788.0,1788.0,1.0,False,
205EDF0030,ENTR. VC-201(A),INÍCIO DE TRECHO PAVIMENTADO (km. 11),9.5,PAV,-,-,-,231,DF-2,DF-205,E,DF,30,-15.514686957513,-47.9732839069999,-15.587786896511,-47.9236456919999,-15.55849473543234,-47.95081444728468,12.39589444391972,True,57.0,57.0,1754.0,1754.0,1.0,False,
205EDF0050,INÍCIO DE TRECHO PAVIMENTADO (km. 11.0),5.8,5,PAV,CA,-,-,1.956,DF-2,DF-205,E,DF,50,-15.587786896511,-47.9236456919999,-15.5923625245108,-47.8729920519999,-15.591271864345876,-47.89785484319376,6.119314250623851,True,57.0,57.0,1754.0,1754.0,1.0,False,
205EDF0070,ENTR. DF-150,ENTR. DF-326,2.8,PAV,CA,-,-,8.094,DF-2,DF-205,E,DF,70,-15.5923625245108,-47.8729920519999,-15.5789349615112,-47.8535572469999,-15.58667679425171,-47.86229681586321,2.721937918580281,True,60.0,60.0,1195.0,1195.0,1.0,False,
205EDF0090,ENTR. DF-326,ENTR. VC-201(B),5.9,PAV,CA,-,-,1.956,DF-2,DF-205,E,DF,90,-15.5789349615112,-47.8535572469999,-15.5321870955125,-47.8359280159999,-15.557112215729616,-47.8410436886706,5.976161041379349,True,60.0,60.0,1195.0,1195.0,1.0,False,
205EDF0110,ENTR. VC-201(B),FIM DE TRECHO PAVIMENTADO (km. 33.6),6.5,PAV,CA,-,-,1.956,DF-2,DF-205,E,DF,110,-15.5321870955125,-47.8359280159999,-15.5253579175127,-47.7888195919999,-15.523427850150298,-47.8132961581945,5.580338743640858,True,59.0,59.0,1463.0,1463.0,1.0,False,
205EDF0130,FIM DE TRECHO PAVIMENTADO (km. 33.6),4.11,8,IMP,-,-,-,217,DF-2,DF-205,E,DF,130,-15.5253579175127,-47.7888195919999,-15.5286260205126,-47.6883890969999,-15.521546176607622,-47.73980620986472,11.944360915721012,True,61.0,61.0,1465.0,1465.0,1.0,False,
205EDF0150,ENTR. DF-131,ENTR. DF-128,7.1,PAV,CA,-,-,464,DF-2,DF-205,E,DF,150,-15.5286260205126,-47.6883890969999,-15.5282706885127,-47.6224954649999,-15.528491898916364,-47.65544203613221,7.335396673989852,True,61.0,61.0,420.0,420.0,1.0,False,
205EDF0170,ENTR. DF-128,ENTR. BR-010/DF-345,9.9,IMP,-,-,-,164,DF-2,DF-205,E,DF,170,-15.5282706885127,-47.6224954649999,-15.5195922965129,-47.53096411,-15.519654473418152,-47.57723398103523,10.309996541820134,True,42.0,42.0,846.0,846.0,1.0,False,
205EDF0190,ENTR. BR-010/DF-345,ENTR. DF-405,2.1,IMP,-,-,-,191,DF-2,DF-205,E,DF,190,-15.5195922965129,-47.53096411,-15.5345432725125,-47.513432727,-15.523738969564349,-47.52000328479805,2.815368362024427,True,81.0,81.0,322.0,322.0,1.0,False,
205EDF0230,ENTR. VC-103,ENTR. DF-110,4.5,IMP,-,-,-,164,DF-2,DF-205,E,DF,230,-15.5345432725125,-47.513432727,-15.515448967513,-47.4761436809999,-15.52496141338877,-47.49480607902312,4.6636130697507605,True,81.0,81.0,322.0,322.0,1.0,False,
205EDF0250,ENTR. DF-110,ENTR. GO-430,1.9,IMP,-,-,-,2.172,DF-2,DF-205,E,DF,250,-15.515448967513,-47.4761436809999,-15.5021910575134,-47.468141661,-15.506347452845674,-47.474051504697776,2.0792195802989784,True,62.0,62.0,564.0,564.0,1.0,False,
205EDF0270,ENTR. GO-430,DIVISA DF/GO,6.8,PAV,TSD,-,-,2.172,DF-2,DF-205,E,DF,270,-15.5021910575134,-47.468141661,-15.5214687935128,-47.4167428209999,-15.509277153196669,-47.44130903435532,6.261559329226955,True,89.0,89.0,827.0,827.0,1.0,False,
206EDF0010,ENTR. BR-080/251,ENTR. VC-505,2.9,IMP,-,-,-,458,DF-2,DF-206,E,DF,10,-15.5258353625127,-48.1911679449999,-15.5271288485127,-48.1646805249999,-15.525797063676412,-48.17817989091114,3.039934343460893,True,72.0,72.0,978.0,978.0,1.0,False,
206EDF0030,ENTR. VC-505,DIVISA DF/GO,5.0,IMP,-,-,-,458,DF-2,DF-206,E,DF,30,-15.5271288485127,-48.1646805249999,-15.5002085855134,-48.1316131319999,-15.51541171672878,-48.14799953872174,5.156937192473845,True,72.0,72.0,978.0,978.0,1.0,False,
220EDF0010,ENTR. BR-080/251,ENTR. DF-445,5.0,PAV,-,-,-,507,DF-4,DF-220,E,DF,10,-15.6164028205102,-48.1984568979999,-15.6012105085106,-48.1509472569999,-15.60788793780353,-48.17514296663671,5.599973339014994,True,71.0,71.0,805.0,805.0,1.0,False,
220EDF0030,ENTR. DF-445,FIM DA PAVIMENTAÇÃO,0,PAV,-,-,-,507,DF-4,DF-220,E,DF,30,-15.6012105085106,-48.1509472569999,-15.62299266751,-48.066950318,-15.594542999239154,-48.10281181971349,10.819213697852607,True,72.0,72.0,795.0,795.0,1.0,False,
230EDF0010,ENTR. BR-010/BR-020/ BR-030,ENTR. DF-128,3.8,PAV,TSD,-,-,9.616,DF-410,DF-230,E,DF,10,-15.6153121685102,-47.7063427809999,-15.6418964955095,-47.6855100799999,-15.630123097024825,-47.69752461470456,3.83770697608209,True,55.0,55.0,512.0,512.0,1.0,False,
230EDF0030,ENTR. DF-128,ENTR. DF-130,4.1,PAV,CA,-,-,9.616,DF-15/DF-130,DF-230,E,DF,30,-15.6418964955095,-47.6855100799999,-15.6478359105093,-47.6502645399999,-15.649173874826834,-47.66890868056824,4.185117087610859,True,55.0,55.0,513.0,513.0,1.0,False,
230EDF0050,ENTR. DF-130,ENTR. DF-345,2.3,PAV,CA,-,-,3.940,-,DF-230,E,DF,50,-15.6478359105093,-47.6502645399999,-15.6473172805093,-47.6330677319999,-15.647576700291935,-47.64166613283301,1.9152190542452048,True,80.0,80.0,932.0,932.0,1.0,False,
230EDF0070,ENTR. DF-345,ENTR. VC-137(A),7.3,PAV,-,-,-,1.249,-,DF-230,E,DF,70,-15.6473172805093,-47.6330677319999,-15.6524638105091,-47.570618625,-15.658276167463224,-47.60277938827133,7.635437104646882,True,68.0,68.0,966.0,966.0,1.0,False,
230EDF0090,ENTR. VC-137(A),ENTR. VC-127/VC- 137(B),4.3,PAV,-,-,-,1.249,FZ-47,DF-230,E,DF,90,-15.6524638105091,-47.570618625,-15.6422783515094,-47.5287327919999,-15.64714699306206,-47.54966681129694,4.84488894683609,True,68.0,68.0,966.0,966.0,1.0,False,
230EDF0110,ENTR. VC-127/VC- 137(B),ENTR. DF-410,2.0,PAV,-,-,-,657,-,DF-230,E,DF,110,-15.6422783515094,-47.5287327919999,-15.6293384455097,-47.5154280699999,-15.635821575744728,-47.52206766610092,2.066060981726962,True,68.0,68.0,966.0,966.0,1.0,False,
230EDF0130,ENTR. DF-410,ENTR. VC-139,1.7,IMP,-,-,-,116,DF-405,DF-230,E,DF,130,-15.6293384455097,-47.5154280699999,-15.6406476085095,-47.5036931069999,-15.6349930270096,-47.509560588499895,1.8142309313674652,True,67.0,67.0,982.0,982.0,1.0,False,
230EDF0150,ENTR. VC-139,ENTR. DF-353,2.5,IMP,-,-,-,116,DF-405,DF-230,E,DF,150,-15.6406476085095,-47.5036931069999,-15.6522321095092,-47.4916724399999,-15.64643985900935,-47.4976827734999,1.8584009609163492,True,67.0,67.0,982.0,982.0,1.0,False,
230EDF0170,ENTR. DF-353,ENTR. DF-110(A),0.5,IMP,-,-,-,73,-,DF-230,E,DF,170,-15.6522321095092,-47.4916724399999,-15.6548299195091,-47.486690962,-15.654312764264455,-47.48951342822802,0.667565762435595,True,67.0,67.0,982.0,982.0,1.0,False,
230EDF0210,ENTR. DF-110(B),ENTR. DF-105,13.0,PLA,-,-,-,-,-,DF-230,E,DF,210,-15.6619976335089,-47.4861175439999,-15.6401170035095,-47.3951739579999,-15.643852769387705,-47.44464786730254,11.872092702265093,False,,,,,,,"400: {""error"":""Point too far from nearest existing segment."",""httpStatusCode"":400,""detailedError"":{""code"":""INVALID_REQUEST"",""message"":""Point too far from nearest existing segment.""}}"
230EDF0230,ENTR. DF-105,ENTR. DF-100,4.0,PLA,-,-,-,-,-,DF-230,E,DF,230,-15.6401170035095,-47.3951739579999,-15.6537369765091,-47.3705989309999,-15.64410341574074,-47.37600388298916,4.559894552971181,True,87.0,87.0,682.0,682.0,1.0,False,
250EDF0020,ENTR. DF-456,ENTR. DF-330,5.1,PAV,CA,-,479BDF0132A,8.055,DF-6,DF-250,E,DF,20,-15.762695863506,-47.7322776739999,-15.7409887555066,-47.6991670329999,-15.751726128002156,-47.71586966479512,4.429773532388665,True,62.0,62.0,1054.0,1054.0,1.0,False,
250EDF0050,ENTR. DF-130,ENTR. DF-120,6.4,PAV,CA,-,479BDF0118,1.263,DF-6,DF-250,E,DF,50,-15.727419614507,-47.6605030609999,-15.728545529507,-47.6049894379999,-15.724605688309172,-47.63289117501878,6.573633315571493,True,87.0,87.0,827.0,827.0,1.0,False,
250EDF0052,ENTR. DF-120,ENTR. VC-129(A),0.5,PAV,CA,-,479BDF0116C,2.633,DF-6,DF-250,E,DF,52,-15.728545529507,-47.6049894379999,-15.728420333507,-47.6023744839999,-15.728494518810876,-47.60368126789247,0.2914723360694206,True,87.0,87.0,827.0,827.0,1.0,False,
250EDF0060,ENTR. VC-129(A),ENTR. DF-353,2.7,PAV,CA,-,479BDF0116B,2.124,DF-6,DF-250,E,DF,60,-15.728420333507,-47.6023744839999,-15.7176459535073,-47.5783224799999,-15.723354285121776,-47.59023874483756,2.9417343035846253,True,86.0,86.0,839.0,839.0,1.0,False,
250EDF0072,ENTR. DF-320,ENTR. VC-129(B),1.6,PAV,CA,-,479BDF0114B,2.655,DF-6,DF-250,E,DF,72,-15.7140939475074,-47.5709075899999,-15.7067306475076,-47.5556149069999,-15.71041562522704,-47.56325964373498,1.8894403233701205,True,87.0,87.0,827.0,827.0,1.0,False,
250EDF0090,ENTR. VC-129(B),ENTR. DF-310,4.5,PAV,CA,-,479BDF0114A,2.655,DF-6,DF-250,E,DF,90,-15.7067306475076,-47.5556149069999,-15.6893220595081,-47.5196028119999,-15.69802628750818,-47.53760889140855,4.452702486775265,True,87.0,87.0,827.0,827.0,1.0,False,
250EDF0110,ENTR. DF-310,ENTR. VC-133,0.5,PAV,CA,-,479BDF0112,2.633,DF-6,DF-250,E,DF,110,-15.6893220595081,-47.5196028119999,-15.6877281405081,-47.5163072319999,-15.6885251000081,-47.5179550219999,0.4075197797236073,True,87.0,87.0,827.0,827.0,1.0,False,
250EDF0150,ENTR. DF-110,ENTR. VC-151,5.2,PAV,CA,-,479BDF0106,2.115,DF-6,DF-250,E,DF,150,-15.6874047945081,-47.4895721089999,-15.7043985765077,-47.44447944,-15.69591692888097,-47.46703152253899,5.364352668315367,True,68.0,68.0,1415.0,1415.0,1.0,False,
250EDF0170,ENTR. VC-151,ENTR. DF-105(A),0.7,PAV,CA,-,479BDF0102,2.115,DF-6,DF-250,E,DF,170,-15.7043985765077,-47.44447944,-15.7067307045076,-47.4382753099999,-15.70556464050765,-47.44137737499995,0.7378261557153446,True,70.0,70.0,1375.0,1375.0,1.0,False,
250EDF0190,ENTR. DF-105(A),ENTR. DF-105(B),0.7,PAV,CA,105EDF0070,479BDF0100,2.115,DF-6,DF-250,E,DF,190,-15.7067307045076,-47.4382753099999,-15.7089103725075,-47.4316944099999,-15.707953073664166,-47.43502345512713,0.7734536180725522,True,68.0,68.0,1415.0,1415.0,1.0,False,
250EDF0210,ENTR. DF-105(B),ENTR. VC-155,3.5,PAV,CA,-,479BDF0098,2.115,DF-6,DF-250,E,DF,210,-15.7089103725075,-47.4316944099999,-15.7143284475074,-47.3992415559999,-15.71161941000745,-47.4154679829999,3.662653457424456,True,70.0,70.0,1375.0,1375.0,1.0,False,
250EDF0230,ENTR. VC-155,ENTR. DF-100,0.9,PAV,CA,-,479BDF0096,2.633,DF-6,DF-250,E,DF,230,-15.7143284475074,-47.3992415559999,-15.7157320975074,-47.3908340559999,-15.7150302725074,-47.39503780599991,0.9488767499720095,True,68.0,68.0,1415.0,1415.0,1.0,False,
250EDF0270,ENTR. VC-159,ENTR. VC-145,2.1,IMP,-,-,479BDF0092,311,DF-6,DF-250,E,DF,270,-15.7217174695072,-47.3542123409999,-15.7202224445072,-47.3362640629999,-15.721000387137297,-47.345236853067206,2.005196210003791,True,70.0,70.0,1375.0,1375.0,1.0,False,
250EDF0290,ENTR. VC-145,ENTR. BR-479(B)/ DIVISA DF/GO,1.9,IMP,-,-,479BDF0090,311,DF-6,DF-250,E,DF,290,-15.7202224445072,-47.3362640629999,-15.7169493065073,-47.3211822009999,-15.71944854617578,-47.32845728357486,1.747238577385897,True,70.0,70.0,1375.0,1375.0,1.0,False,
260EDF0010,ENTR. DF-130,ENTR. DF-120(A)/DF- 125,6.5,IMP,-,-,-,183,DF-10,DF-260,E,DF,10,-15.8630612085032,-47.6210442299999,-15.8722436395029,-47.5580945209999,-15.862909361273172,-47.58946135921241,7.286311414116245,True,70.0,70.0,1313.0,1313.0,1.0,False,
260EDF0030,ENTR. DF-120(A)/DF- 125,ENTR. DF-120(B),0.5,IMP,-,120EDF0090,-,183,DF-10,DF-260,E,DF,30,-15.8722436395029,-47.5580945209999,-15.871240422503,-47.5528539809999,-15.872263349182475,-47.55537730539893,0.6091706944165016,False,,,,,,,"400: {""error"":""Point too far from nearest existing segment."",""httpStatusCode"":400,""detailedError"":{""code"":""INVALID_REQUEST"",""message"":""Point too far from nearest existing segment.""}}"
260EDF0050,ENTR. DF-120(B),ENTR. VC-407,5.3,IMP,-,-,-,113,DF-10,DF-260,E,DF,50,-15.871240422503,-47.5528539809999,-15.8552937505034,-47.5058860199999,-15.85896198909759,-47.53011408576839,5.753694621979475,False,,,,,,,"400: {""error"":""Point too far from nearest existing segment."",""httpStatusCode"":400,""detailedError"":{""code"":""INVALID_REQUEST"",""message"":""Point too far from nearest existing segment.""}}"
260EDF0070,ENTR. VC-407,ENTR. VC-419,2.1,IMP,-,-,-,143,DF-10,DF-260,E,DF,70,-15.8552937505034,-47.5058860199999,-15.8589512325033,-47.4876057609999,-15.85712249150335,-47.496745890499895,2.075289780194532,False,,,,,,,"400: {""error"":""Point too far from nearest existing segment."",""httpStatusCode"":400,""detailedError"":{""code"":""INVALID_REQUEST"",""message"":""Point too far from nearest existing segment.""}}"
260EDF0090,ENTR. VC-419,ENTR. VC-423,3.0,IMP,-,-,-,161,DF-10,DF-260,E,DF,90,-15.8589512325033,-47.4876057609999,-15.8581443795034,-47.4555006869999,-15.862257399358294,-47.47102673603412,3.763841116086833,False,,,,,,,"400: {""error"":""Point too far from nearest existing segment."",""httpStatusCode"":400,""detailedError"":{""code"":""INVALID_REQUEST"",""message"":""Point too far from nearest existing segment.""}}"
260EDF0110,ENTR. VC-423,ENTR. DF-322(A),0.5,IMP,-,-,-,235,DF-10,DF-260,E,DF,110,-15.8581427995034,-47.4555012929999,-15.8581289945034,-47.4503767419999,-15.857686776753154,-47.45294547202748,0.5817140971560218,False,,,,,,,"400: {""error"":""Point too far from nearest existing segment."",""httpStatusCode"":400,""detailedError"":{""code"":""INVALID_REQUEST"",""message"":""Point too far from nearest existing segment.""}}"
260EDF0130,ENTR. DF-322(A),ENTR. DF-322(B),2.0,IMP,-,322EDF0070,-,235,DF-10,DF-260,E,DF,130,-15.8581289945034,-47.4503767429999,-15.8622365655032,-47.4326728979999,-15.8601827800033,-47.4415248204999,2.0231419037933955,False,,,,,,,"400: {""error"":""Point too far from nearest existing segment."",""httpStatusCode"":400,""detailedError"":{""code"":""INVALID_REQUEST"",""message"":""Point too far from nearest existing segment.""}}"
260EDF0150,ENTR. DF-322(B),ENTR. DF-100/DF-320,5.2,IMP,-,-,-,235,DF-10,DF-260,E,DF,150,-15.8622365655032,-47.4326728979999,-15.8567395105034,-47.3870832369999,-15.86149153118614,-47.40987328203576,5.183790728883475,False,,,,,,,"400: {""error"":""Point too far from nearest existing segment."",""httpStatusCode"":400,""detailedError"":{""code"":""INVALID_REQUEST"",""message"":""Point too far from nearest existing segment.""}}"
270EDF0010,ENTR. DF-130,ENTR. DF-125(A),1.9,PAV,-,-,-,910,FZ-06,DF-270,E,DF,10,-15.940408007501,-47.6004995769999,-15.9373092735011,-47.5835001219999,-15.939001931886343,-47.59200304089923,1.9302351578799968,True,70.0,70.0,1313.0,1313.0,1.0,False,
270EDF0030,ENTR. DF-125(A),FIM DO TRECHO PAVIMENTADO (km. 3.4),1.5,PAV,-,125EDF0070,-,910,-,DF-270,E,DF,30,-15.9373092735011,-47.5835001219999,-15.9344912795012,-47.5693447169999,-15.935900327784337,-47.57642240927742,1.606701199413502,True,80.0,80.0,841.0,841.0,1.0,False,
270EDF0040,FIM DO TRECHO PAVIMENTADO (km. 3.4),0.1,6,IMP,-,125EDF0080,-,967,-,DF-270,E,DF,40,-15.9344912795012,-47.5693447169999,-15.9315750915013,-47.5547345029999,-15.93303318550125,-47.5620396099999,1.658490571744662,True,80.0,80.0,841.0,841.0,1.0,False,
270EDF0050,ENTR. DF-125(B),ENTR. DF-120(A),1.9,IMP,-,-,-,531,-,DF-270,E,DF,50,-15.9315750915013,-47.5547345029999,-15.9280859855014,-47.537276232,-15.92983053850135,-47.54600536749995,1.9818871041858663,True,80.0,80.0,841.0,841.0,1.0,False,
270EDF0090,ENTR. DF-120(B),ENTR. VC-407,5.3,IMP,-,-,-,410,-,DF-270,E,DF,90,-15.9246538375015,-47.5201029609999,-15.9149215645018,-47.4714060489999,-15.919787701001647,-47.4957545049999,5.528140861617365,False,,,,,,,"400: {""error"":""Point too far from nearest existing segment."",""httpStatusCode"":400,""detailedError"":{""code"":""INVALID_REQUEST"",""message"":""Point too far from nearest existing segment.""}}"
270EDF0110,ENTR. VC-407,ENTR. DF-322,3.5,IMP,-,-,-,369,-,DF-270,E,DF,110,-15.9149215645018,-47.4714060489999,-15.9185790935017,-47.4350651619999,-15.913962884405288,-47.45315168464552,4.1558705910023015,False,,,,,,,"400: {""error"":""Point too far from nearest existing segment."",""httpStatusCode"":400,""detailedError"":{""code"":""INVALID_REQUEST"",""message"":""Point too far from nearest existing segment.""}}"
270EDF0130,ENTR. DF-322,ENTR. DF-100,4.0,IMP,-,-,-,113,-,DF-270,E,DF,130,-15.9185790935017,-47.4350651619999,-15.9244190245015,-47.3970157729999,-15.923371948973331,-47.41628653054144,4.314901417389821,False,,,,,,,"400: {""error"":""Point too far from nearest existing segment."",""httpStatusCode"":400,""detailedError"":{""code"":""INVALID_REQUEST"",""message"":""Point too far from nearest existing segment.""}}"
280EDF0010,DIVISA GO/DF,ENTR. DF-190(A),1.0,PAV,CA,-,-,14.195,DF-14,DF-280,E,DF,10,-15.942833367501,-48.2533802999999,-15.942445392501,-48.247354545,-15.942935243565833,-48.25035346157854,0.6835073094005835,True,66.0,66.0,1482.0,1482.0,1.0,False,
280EDF0012,ENTR. DF-190(A),ENTR. DF-190(B),1.0,PAV,CA,190EDF0050,-,9.980,DF-14,DF-280,E,DF,12,-15.942445392501,-48.247354545,-15.942466176501,-48.2397287399999,-15.942491493940537,-48.24354011553042,0.849306600671932,True,66.0,66.0,1482.0,1482.0,1.0,False,
280EDF0030,ENTR. DF-190(B),ENTR. BR-060,10.6,PAV,CA,-,-,9.624,DF-14,DF-280,E,DF,30,-15.942466176501,-48.2397287399999,-15.9236228225016,-48.1663108099999,-15.92481249439322,-48.20134736697081,9.490536555370996,True,66.0,66.0,1482.0,1482.0,1.0,False,
285EDF0010,ENTR. BR-251,ENTR. VC-441,2.5,PAV,TSD,-,-,792,DF-18,DF-285,E,DF,10,-16.0003919424994,-47.5556668839999,-16.0033466744993,-47.5332462539999,-16.001682694947924,-47.54446554923358,2.525187291650445,True,80.0,80.0,841.0,841.0,1.0,False,
285EDF0030,ENTR. VC-441,ENTR. DF-120,6.0,PAV,TSD,-,-,792,DF-18,DF-285,E,DF,30,-16.0033466754993,-47.5332462539999,-16.0115978544991,-47.4775720549999,-16.007475244367832,-47.5054095959761,6.265346773339068,True,80.0,80.0,841.0,841.0,1.0,False,
285EDF0050,ENTR. DF-120,ENTR. VC-447,1.8,PAV,-,-,-,248,DF-18,DF-285,E,DF,50,-16.0115978544991,-47.4775720549999,-16.014172901499,-47.4601779539999,-16.012885377999048,-47.4688750044999,1.957414669801572,False,,,,,,,"400: {""error"":""Point too far from nearest existing segment."",""httpStatusCode"":400,""detailedError"":{""code"":""INVALID_REQUEST"",""message"":""Point too far from nearest existing segment.""}}"
285EDF0070,ENTR. VC-447,ENTR. DF-100,5.8,PAV,-,-,-,248,DF-18,DF-285,E,DF,70,-16.014172901499,-47.4601779539999,-16.0219802084988,-47.4074406389999,-16.0180765549989,-47.4338092964999,5.934701332426366,False,,,,,,,"400: {""error"":""Point too far from nearest existing segment."",""httpStatusCode"":400,""detailedError"":{""code"":""INVALID_REQUEST"",""message"":""Point too far from nearest existing segment.""}}"
285EDF0090,ENTR. DF-100,ENTR. VC-461,2.9,PAV,-,-,-,248,DF-18,DF-285,E,DF,90,-16.0219802084988,-47.4074406389999,-16.0260391034987,-47.3800233509999,-16.02400965599875,-47.3937319949999,3.085356474280297,False,,,,,,,"400: {""error"":""Point too far from nearest existing segment."",""httpStatusCode"":400,""detailedError"":{""code"":""INVALID_REQUEST"",""message"":""Point too far from nearest existing segment.""}}"
285EDF0110,ENTR. VC-461,DIVISA DF/MG,6.6,IMP,-,-,-,248,DF-18,DF-285,E,DF,110,-16.0260391034987,-47.3800233509999,-16.0377053354983,-47.3112370769999,-16.031452760116682,-47.34376476524311,8.162256857651801,False,,,,,,,"400: {""error"":""Point too far from nearest existing segment."",""httpStatusCode"":400,""detailedError"":{""code"":""INVALID_REQUEST"",""message"":""Point too far from nearest existing segment.""}}"
290EDF0010,ENTR. BR-060,ENTR. VC-381,11.8,PAV,CA,-,-,4.459,DF-20,DF-290,E,DF,10,-16.0382168444983,-48.2557304399999,-16.0090605684991,-48.1631666499999,-16.020830366715302,-48.21168382263517,11.798069724607412,True,87.0,87.0,475.0,475.0,1.0,False,
290EDF0030,ENTR. VC-381,ENTR. DF-180,4.9,PAV,CA,-,-,4.459,DF-20,DF-290,E,DF,30,-16.0090605684991,-48.1631666499999,-16.0083429774991,-48.1212317419999,-16.01438798159115,-48.141500993119536,5.338576037484862,True,61.0,61.0,1327.0,1327.0,1.0,False,
290EDF0050,ENTR. DF-180,ENTR. VC-379 / ACESSO AO GAMA,4.4,PAV,TSD,-,-,6.888,DF-20,DF-290,E,DF,50,-16.0083429774991,-48.1212317409999,-16.0265525774987,-48.0859683389999,-16.019111500520335,-48.104495247025135,4.510500513239694,True,61.0,61.0,1327.0,1327.0,1.0,False,
290EDF0070,ENTR. VC-379 / ACESSO AO GAMA,ENTR. VC-385,1.5,PAV,TSD,-,-,6.888,DF-20,DF-290,E,DF,70,-16.0265525774987,-48.0859683389999,-16.0336094664984,-48.074160768,-16.030189118380093,-48.08012373694788,1.5325623392509946,True,79.0,79.0,1020.0,1020.0,1.0,False,
290EDF0080,ENTR. VC-385,ACESSO AO GAMA,2.5,PAV,CA,-,-,13.666,DF-20,DF-290,E,DF,80,-16.0336094654984,-48.074160768,-16.0384882634983,-48.055073885,-16.03973575727532,-48.06427201463989,2.5898965258449933,True,54.0,54.0,953.0,953.0,1.0,False,
290EDF0090,ACESSO AO GAMA,ENTR. AV. ALAGADOS (SANTA MARIA),3.2,DUP,CA,-,-,37.065,DF-20,DF-290,E,DF,90,-16.0384882634983,-48.055073885,-16.049023177498,-48.0303767029999,-16.04250133732689,-48.04331048563304,3.472876878363702,True,54.0,54.0,953.0,953.0,1.0,False,
290EDF0110,ENTR. AV. ALAGADOS (SANTA MARIA),ENTR. VC-371,3.2,DUP,CA,-,-,33.083,DF-20,DF-290,E,DF,110,-16.049023178498,-48.0303767029999,-16.049051055498,-48.0048505389999,-16.04903739091773,-48.01761362132287,2.841574277572565,True,61.0,61.0,1327.0,1327.0,1.0,False,
290EDF0130,ENTR. VC-371,ENTR. BR-040/BR-050,2.5,DUP,CA,-,-,33.083,DF-20,DF-290,E,DF,130,-16.049051055498,-48.0048505389999,-16.049076897498,-47.9812683789999,-16.049063903577796,-47.99305945892256,2.6251676280231053,True,61.0,61.0,1327.0,1327.0,1.0,False,
295EDF0010,ENTR. DF-130,ENTR. DF-125,4.4,IMP,-,-,-,346,FZ-01,DF-295,E,DF,10,-16.049619532498,-47.6172637409999,-16.049619348498,-47.5729490269999,-16.049619440498,-47.59510638399991,4.933113962522769,True,87.0,87.0,398.0,398.0,1.0,False,
295EDF0030,ENTR. DF-125,ENTR. BR-251,3.8,IMP,-,-,-,236,FZ-01,DF-295,E,DF,30,-16.049619348498,-47.5729490269999,-16.049619201498,-47.5375762819999,-16.049619274497537,-47.55526265449876,3.937693973687872,True,84.0,84.0,806.0,806.0,1.0,False,
295EDF0050,ENTR. BR-251,ENTR. VC-471,10.8,IMP,-,-,-,272,FZ-01,DF-295,E,DF,50,-16.049619201498,-47.5375762819999,-16.049730818498,-47.4321979349999,-16.049699199522994,-47.4848871085961,11.730731087662273,False,,,,,,,"400: {""error"":""Point too far from nearest existing segment."",""httpStatusCode"":400,""detailedError"":{""code"":""INVALID_REQUEST"",""message"":""Point too far from nearest existing segment.""}}"
295EDF0070,ENTR. VC-471,ENTR. DF-100,2.3,IMP,-,-,-,272,FZ-01,DF-295,E,DF,70,-16.049730818498,-47.4321979349999,-16.049777299498,-47.4157636369999,-16.049754058997998,-47.4239807859999,1.8294733705124289,False,,,,,,,"400: {""error"":""Point too far from nearest existing segment."",""httpStatusCode"":400,""detailedError"":{""code"":""INVALID_REQUEST"",""message"":""Point too far from nearest existing segment.""}}"
310EDF0010,ENTR. BR-479/DF-250,ENTR. VC-151,8.5,IMP,-,-,-,92,FZ-30,DF-310,E,DF,10,-15.6893220595081,-47.5196028119999,-15.7306974455069,-47.4661306659999,-15.71463510026358,-47.49997706603518,8.3413545587631,True,70.0,70.0,1375.0,1375.0,1.0,False,
310EDF0030,ENTR. VC-151,ENTR. VC-165,1.4,IMP,-,-,-,92,FZ-30,DF-310,E,DF,30,-15.7306974455069,-47.4661306659999,-15.7421145195066,-47.4584550019999,-15.73596465605854,-47.46174650515625,1.5529808457510648,True,70.0,70.0,1375.0,1375.0,1.0,False,
310EDF0050,ENTR.VC-165,ENTR. VC-173,4.0,IMP,-,-,-,92,FZ-30,DF-310,E,DF,50,-15.7421145195066,-47.4584550019999,-15.7728354335058,-47.4388442989999,-15.758304983967948,-47.44973792304946,4.094045873174066,False,,,,,,,"400: {""error"":""Point too far from nearest existing segment."",""httpStatusCode"":400,""detailedError"":{""code"":""INVALID_REQUEST"",""message"":""Point too far from nearest existing segment.""}}"
310EDF0070,ENTR. VC-173,ENTR. VC-177(A),3.0,IMP,-,-,-,26,FZ-30,DF-310,E,DF,70,-15.7728354335058,-47.4388442989999,-15.7820449335055,-47.4225357209999,-15.771993140909478,-47.42932613332544,3.0253373122319447,False,,,,,,,"400: {""error"":""Point too far from nearest existing segment."",""httpStatusCode"":400,""detailedError"":{""code"":""INVALID_REQUEST"",""message"":""Point too far from nearest existing segment.""}}"
310EDF0090,ENTR. VC-177(A),ENTR. VC-177(B),2.0,IMP,-,-,-,26,FZ-30,DF-310,E,DF,90,-15.7820449335055,-47.4225357209999,-15.800018806505,-47.4172664859999,-15.791011257292338,-47.41921105700565,2.139414313639105,False,,,,,,,"400: {""error"":""Point too far from nearest existing segment."",""httpStatusCode"":400,""detailedError"":{""code"":""INVALID_REQUEST"",""message"":""Point too far from nearest existing segment.""}}"
310EDF0110,ENTR. VC-177(B),ENTR. DF-100,5.0,IMP,-,-,-,26,FZ-30,DF-310,E,DF,110,-15.800018806505,-47.4172664859999,-15.8244696045043,-47.3823464089999,-15.81583884893682,-47.40527378373404,5.4703487541333375,False,,,,,,,"400: {""error"":""Point too far from nearest existing segment."",""httpStatusCode"":400,""detailedError"":{""code"":""INVALID_REQUEST"",""message"":""Point too far from nearest existing segment.""}}"
320EDF0010,ENTR. BR-479/DF-250,ENTR. VC-403,1.6,PAV,TSD,-,-,763,FZ-31,DF-320,E,DF,10,-15.7140939475074,-47.5709075899999,-15.7195356785073,-47.556755634,-15.71681481300735,-47.56383161199994,1.6878487108620228,True,86.0,86.0,839.0,839.0,1.0,False,
320EDF0030,ENTR. VC-403,ENTR. DF-355,5.4,PAV,TSD,-,-,763,FZ-31,DF-320,E,DF,30,-15.7195356775073,-47.556755635,-15.7424003645066,-47.5133102699999,-15.72803767845635,-47.53321658849741,5.580628304191095,True,86.0,86.0,839.0,839.0,1.0,False,
320EDF0050,ENTR. DF-355,ENTR. VC-165,2.9,PAV,TSD,-,-,265,FZ-31,DF-320,E,DF,50,-15.7424003645066,-47.5133102699999,-15.765364823506,-47.4932498409999,-15.75388474770578,-47.50327992390434,3.394795711021498,False,,,,,,,"400: {""error"":""Point too far from nearest existing segment."",""httpStatusCode"":400,""detailedError"":{""code"":""INVALID_REQUEST"",""message"":""Point too far from nearest existing segment.""}}"
320EDF0060,ENTR. VC-165,FIM DE TRECHO PAVIMENTADO (km. 11.7).1,8,PAV,TSD,-,-,265,FZ-31,DF-320,E,DF,60,-15.765364823506,-47.4932498409999,-15.7691608955059,-47.4832016809999,-15.770041014924256,-47.48894783919261,1.4172933130127414,False,,,,,,,"400: {""error"":""Point too far from nearest existing segment."",""httpStatusCode"":400,""detailedError"":{""code"":""INVALID_REQUEST"",""message"":""Point too far from nearest existing segment.""}}"
320EDF0070,FIM DE TRECHO PAVIMENTADO (km. 11.7),3.3,6,IMP,-,-,-,101,-,DF-320,E,DF,70,-15.7691608955059,-47.4832016809999,-15.7949237135051,-47.4665680809999,-15.779733048220455,-47.47199363113627,3.591293663023726,False,,,,,,,"400: {""error"":""Point too far from nearest existing segment."",""httpStatusCode"":400,""detailedError"":{""code"":""INVALID_REQUEST"",""message"":""Point too far from nearest existing segment.""}}"
320EDF0090,ENTR. VC-173,ENTR. VC-409,0.8,IMP,-,-,-,101,-,DF-320,E,DF,90,-15.7949237135051,-47.4665680809999,-15.798433064505,-47.4720910269999,-15.796678389005049,-47.4693295539999,0.7284316466437527,False,,,,,,,"400: {""error"":""Point too far from nearest existing segment."",""httpStatusCode"":400,""detailedError"":{""code"":""INVALID_REQUEST"",""message"":""Point too far from nearest existing segment.""}}"
320EDF0110,ENTR. VC-409,ENTR. VC-417,2.8,IMP,-,-,-,101,-,DF-320,E,DF,110,-15.798433064505,-47.4720910269999,-15.8170338285045,-47.4537498999999,-15.807733446465429,-47.46292046346002,2.9079574558661827,False,,,,,,,"400: {""error"":""Point too far from nearest existing segment."",""httpStatusCode"":400,""detailedError"":{""code"":""INVALID_REQUEST"",""message"":""Point too far from nearest existing segment.""}}"
320EDF0130,ENTR. VC-417,ENTR. DF-100/DF-260,8.3,IMP,-,-,-,101,FZ-28,DF-320,E,DF,130,-15.8170338285045,-47.4537498999999,-15.8567395105034,-47.3870832369999,-15.838214544155448,-47.421400154464365,8.89037193896576,False,,,,,,,"400: {""error"":""Point too far from nearest existing segment."",""httpStatusCode"":400,""detailedError"":{""code"":""INVALID_REQUEST"",""message"":""Point too far from nearest existing segment.""}}"
322EDF0010,ENTR. DF-320,ENTR. VC-409,3.5,IMP,-,-,-,245,DF-355,DF-322,E,DF,10,-15.7529092695063,-47.5223647209999,-15.7824834485055,-47.5184669609999,-15.7676963590059,-47.5204158409999,3.320667570049739,False,,,,,,,"400: {""error"":""Point too far from nearest existing segment."",""httpStatusCode"":400,""detailedError"":{""code"":""INVALID_REQUEST"",""message"":""Point too far from nearest existing segment.""}}"
322EDF0030,ENTR. VC-409,ENTR. VC-417,8.1,IMP,-,-,-,245,FZ-27/FZ-21,DF-322,E,DF,30,-15.7824834485055,-47.5184669619999,-15.8246111305043,-47.4619754799999,-15.81451004607018,-47.50312009847426,9.432907529625917,False,,,,,,,"400: {""error"":""Point too far from nearest existing segment."",""httpStatusCode"":400,""detailedError"":{""code"":""INVALID_REQUEST"",""message"":""Point too far from nearest existing segment.""}}"
322EDF0050,ENTR. VC-417,ENTR. DF-260(A),3.8,IMP,-,-,-,245,DF-320,DF-322,E,DF,50,-15.8246111305043,-47.4619754799999,-15.8581372125033,-47.4503786489999,-15.840731703791064,-47.45502960470525,4.011124667579804,False,,,,,,,"400: {""error"":""Point too far from nearest existing segment."",""httpStatusCode"":400,""detailedError"":{""code"":""INVALID_REQUEST"",""message"":""Point too far from nearest existing segment.""}}"
322EDF0090,ENTR. DF-260(B),ENTR. VC-421,5.0,IMP,-,-,-,262,DF-320,DF-322,E,DF,90,-15.8622368895032,-47.4326729729999,-15.8997446215022,-47.4373172019999,-15.880841289478798,-47.4372577400227,4.266004262110038,False,,,,,,,"400: {""error"":""Point too far from nearest existing segment."",""httpStatusCode"":400,""detailedError"":{""code"":""INVALID_REQUEST"",""message"":""Point too far from nearest existing segment.""}}"
322EDF0110,ENTR. VC-421,ENTR. DF-270,2.0,IMP,-,-,-,262,DF-320,DF-322,E,DF,110,-15.8997446215022,-47.4373172019999,-15.9185803005016,-47.4350654699999,-15.909162461001898,-47.4361913359999,2.1117175149260032,False,,,,,,,"400: {""error"":""Point too far from nearest existing segment."",""httpStatusCode"":400,""detailedError"":{""code"":""INVALID_REQUEST"",""message"":""Point too far from nearest existing segment.""}}"
326EDF0010,ENTR. DF-205,ENTR. DF-335,5.5,EOP,-,-,-,305,DF-9/DF-30/ DF-325,DF-326,E,DF,10,-15.5789349615112,-47.8535572469999,-15.6149020885102,-47.8187318029999,-15.59706688972826,-47.835899662218885,6.069687324378932,True,59.0,59.0,857.0,857.0,1.0,False,
326EDF0030,ENTR. DF-335,ENTR. VC-215,0.4,PAV,TSD,-,-,575,DF-9/DF-30/ DF-325,DF-326,E,DF,30,-15.6149020885102,-47.8187318029999,-15.62125134251,-47.8154939179999,-15.618104519741705,-47.81717629938031,0.7944505471029327,True,60.0,60.0,1195.0,1195.0,1.0,False,
326EDF0050,ENTR. VC-215,ACESSO A SOBRADINHO,4.0,IMP,-,-,-,575,DF-9/DF-330,DF-326,E,DF,50,-15.62125134251,-47.8154939179999,-15.6383223335095,-47.8031948259999,-15.629182157309204,-47.80540985954169,2.928252434950852,True,43.0,43.0,574.0,574.0,1.0,False,
330EDF0010,ENTR. DF-440,ENTR. DF-444,6.8,IMP,-,-,-,3.657,-,DF-330,E,DF,10,-15.660247559509,-47.7578144429999,-15.692615327508,-47.7022883169999,-15.683042931932356,-47.72976916901033,8.049186620994908,False,,,,,,,"400: {""error"":""Point too far from nearest existing segment."",""httpStatusCode"":400,""detailedError"":{""code"":""INVALID_REQUEST"",""message"":""Point too far from nearest existing segment.""}}"
330EDF0030,ENTR. DF-444,ENTR. BR-479/DF-250,6.4,EOP,-,-,-,3.657,-,DF-330,E,DF,30,-15.692615327508,-47.7022883169999,-15.7409888705067,-47.6991669739999,-15.71691778414328,-47.70277052511014,5.50842698548612,True,62.0,62.0,1054.0,1054.0,1.0,False,
335EDF0010,ENTR. DF-326,FIM DE TRECHO IMPLANTADO (km. 7.5).7,5,IMP,-,-,-,236,-,DF-335,E,DF,10,-15.6149020885102,-47.8187318029999,-15.5913649935109,-47.7632157419999,-15.59811640628408,-47.79389119439201,7.60400794574185,True,61.0,61.0,1465.0,1465.0,1.0,False,
335EDF0030,FIM DE TRECHO IMPLANTADO (km. 7.5).8.5,1,0,PLA,-,-,-,-,-,DF-335,E,DF,30,-15.5913649935109,-47.7632157419999,-15.5882321575109,-47.7572319799999,-15.589814879270696,-47.76021202315181,0.7525489242316556,True,74.0,74.0,463.0,463.0,1.0,False,
335EDF0050,FIM DE TRECHO PLANEJADO (km. 8.5),2.1,7,IMP,-,-,-,205,-,DF-335,E,DF,50,-15.5882321575109,-47.7572319799999,-15.5769178225113,-47.7471606099999,-15.581545503201614,-47.753180546939085,1.751139855572296,True,73.0,73.0,493.0,493.0,1.0,False,
335EDF0070,ACESSO A UNIVERSIDADE,FIM DE TRECHO PAVIMENTADO (km. 12.5),2.3,PAV,CA,-,-,205,-,DF-335,E,DF,70,-15.5769178225113,-47.7471606099999,-15.5814028335112,-47.7269622549999,-15.58195470942705,-47.73765910506477,2.395991025418447,True,73.0,73.0,493.0,493.0,1.0,False,
335EDF0090,FIM DE TRECHO PAVIMENTADO (km. 12.5),4.5,9,IMP,-,-,-,193,-,DF-335,E,DF,90,-15.5814028335112,-47.7269622549999,-15.5655016375116,-47.685315311,-15.57905120277074,-47.70266808306855,5.583712844975899,True,51.0,51.0,432.0,432.0,1.0,False,
345EDF0010,ENTR. BR-010(A) / DIVISA GO/DF,ENTR. DF-205,2.3,PAV,TSD,-,010BDF0070,1.453,DF-17,DF-345,E,DF,10,-15.5002669945134,-47.5243665749999,-15.5195922965129,-47.53096411,-15.509850928747037,-47.52785703037583,2.2764674870770487,True,88.0,88.0,463.0,463.0,1.0,False,
345EDF0030,ENTR. DF-205,ENTR. VC-111,4.6,PAV,TSD,-,010BDF0052,2.295,DF-17,DF-345,E,DF,30,-15.5195922965129,-47.53096411,-15.5549277245119,-47.5517625189999,-15.53853945318525,-47.53898108146003,4.627167258131625,True,91.0,91.0,800.0,800.0,1.0,False,
345EDF0050,ENTR. VC-111,ENTR. BR-010(B)/ BR-020/BR-030,4.1,PAV,TSD,-,010BDF0050,2.011,DF-17,DF-345,E,DF,50,-15.5549277245119,-47.5517625179999,-15.585937961511,-47.571777316,-15.569949603216914,-47.563481141249625,4.24176221768161,True,91.0,91.0,800.0,800.0,1.0,False,
345EDF0070,ENTR. BR-010(B)/ BR-020/BR-030,ENTR. DF-230,9.6,PAV,TSD,-,-,3.189,DF-17,DF-345,E,DF,70,-15.585937961511,-47.571777316,-15.6473177935093,-47.6330677169999,-15.621438289252438,-47.59528276429996,10.196453563040402,True,75.0,75.0,558.0,558.0,1.0,False,
353EDF0010,ENTR BR-479/DF-250,ENTR. VC-129,2.8,IMP,-,-,-,48,-,DF-353,E,DF,10,-15.7176464015073,-47.5783222649999,-15.693612170508,-47.5828866349999,-15.706198350281625,-47.58300718878602,2.8023156026443465,True,50.0,50.0,1158.0,1158.0,1.0,False,
353EDF0030,ENTR. VC-129,ENTR. VC-123,7.0,IMP,-,-,-,48,-,DF-353,E,DF,30,-15.693612170508,-47.5828866349999,-15.6691513475087,-47.5432649519999,-15.668796574639185,-47.5751032047118,7.088908643167385,True,51.0,51.0,1135.0,1135.0,1.0,False,
353EDF0050,ENTR. VC-123,ENTR. VC-133,3.0,IMP,-,-,-,48,-,DF-353,E,DF,50,-15.6691513475087,-47.5432649519999,-15.6694541545086,-47.516090178,-15.66930275100865,-47.52967756499995,3.025283641675018,True,51.0,51.0,1135.0,1135.0,1.0,False,
353EDF0070,ENTR. VC-133,ENTR. VC-127,1.2,IMP,-,-,-,48,-,DF-353,E,DF,70,-15.6694541545086,-47.516090178,-15.6634224935088,-47.5098255729999,-15.668779614213037,-47.51088290792203,1.217383567917334,True,50.0,50.0,1158.0,1158.0,1.0,False,
353EDF0090,ENTR. VC-127,ENTR. DF-230,2.7,IMP,-,-,-,48,-,DF-353,E,DF,90,-15.6634224935088,-47.5098255729999,-15.6522321095092,-47.4916724399999,-15.658271204712667,-47.50104136199829,2.4978005867237,True,50.0,50.0,1158.0,1158.0,1.0,False,
355EDF0010,ENTR. DF-130,ENTR. DF-120,6.9,PAV,TSD,-,-,632,-,DF-355,E,DF,10,-15.8431669925038,-47.6267039529999,-15.8388470745039,-47.5624114029999,-15.84158078576984,-47.59459231335975,7.1927655804743935,True,70.0,70.0,1313.0,1313.0,1.0,False,
355EDF0030,ENTR. DF-120,ENTR. VC-403,4.5,PAV,-,-,-,284,-,DF-355,E,DF,30,-15.8388470745039,-47.5624114029999,-15.8066136235048,-47.5432053349999,-15.824888907337677,-47.5461087456909,4.839265439115243,False,,,,,,,"400: {""error"":""Point too far from nearest existing segment."",""httpStatusCode"":400,""detailedError"":{""code"":""INVALID_REQUEST"",""message"":""Point too far from nearest existing segment.""}}"
355EDF0050,ENTR. VC-403,ENTR. DF-322,8.0,PAV,-,-,-,284,FZ-32,DF-355,E,DF,50,-15.8066136235048,-47.5432053349999,-15.7529092695063,-47.5223647209999,-15.771336688888592,-47.5469027981198,7.897079871558296,False,,,,,,,"400: {""error"":""Point too far from nearest existing segment."",""httpStatusCode"":400,""detailedError"":{""code"":""INVALID_REQUEST"",""message"":""Point too far from nearest existing segment.""}}"
355EDF0070,ENTR. DF-322,ENTR. DF-320,1.5,PAV,-,-,-,546,-,DF-355,E,DF,70,-15.7529092695063,-47.5223647209999,-15.7424003645066,-47.5133102699999,-15.747955761801556,-47.51752995315175,1.5531939107675667,True,86.0,86.0,839.0,839.0,1.0,False,
405EDF0010,ENTR. BR-020/BR-030,ENTR. VC-111,2.8,IMP,-,-,-,392,-,DF-405,E,DF,10,-15.5817978505111,-47.5537751869999,-15.5609306985117,-47.5423028479999,-15.57077560781505,-47.54948605819956,2.728135044394207,True,58.0,58.0,435.0,435.0,1.0,False,
405EDF0030,ENTR. VC-111,ENTR. VC-113,1.0,IMP,-,-,-,392,-,DF-405,E,DF,30,-15.5609306995117,-47.5423028479999,-15.5546822215119,-47.5364422009999,-15.557806467668843,-47.53937251686944,0.9536600634983208,True,58.0,58.0,435.0,435.0,1.0,False,
405EDF0050,ENTR. VC-113,ENTR. DF-205,3.4,IMP,-,-,-,178,FZ-52,DF-405,E,DF,50,-15.5546822215119,-47.5364422009999,-15.5345432725125,-47.513432727,-15.543390399087636,-47.52585294307486,3.44651924334652,True,58.0,58.0,435.0,435.0,1.0,False,
410EDF0010,ENTR. BR-020/BR-030,ENTR. VC-121,4.4,IMP,-,-,-,464,DF-405,DF-410,E,DF,10,-15.5817904455112,-47.5504955919999,-15.6134124645103,-47.531867088,-15.602949151795542,-47.54561346748564,5.187494388654053,True,64.0,64.0,430.0,430.0,1.0,False,
410EDF0030,ENTR. VC-121,ENTR. VC-127,0.8,IMP,-,-,-,464,DF-405,DF-410,E,DF,30,-15.6134124645103,-47.531867088,-15.6184871375101,-47.526646324,-15.6159498010102,-47.529256706,0.8104882143970511,True,63.0,63.0,436.0,436.0,1.0,False,
410EDF0050,ENTR. VC-127,ENTR. DF-230,1.8,IMP,-,-,-,464,DF-405,DF-410,E,DF,50,-15.6184871375101,-47.526646324,-15.6293384455097,-47.5154280699999,-15.62333404264828,-47.52049572080678,1.7710805430468357,True,64.0,64.0,430.0,430.0,1.0,False,
415EDF0010,ENTR. BR-080/251,E NTR. DF-445,6.6,IMP,-,-,-,192,-,DF-415,E,DF,10,-15.6481302665093,-48.2017833819999,-15.6341599915097,-48.1432296549999,-15.63782989265318,-48.17222591352424,6.980776251233677,True,47.0,47.0,807.0,807.0,1.0,False,
415EDF0030,ENTR. DF-445,INICIO DE TRECHO PLANEJADO (km. 9.1),2.5,IMP,-,-,-,749,-,DF-415,E,DF,30,-15.6341599915097,-48.1432296549999,-15.6327931345097,-48.1178956399999,-15.633480654072034,-48.1305626707818,2.8243491986913964,True,71.0,71.0,805.0,805.0,1.0,False,
415EDF0050,INICIO DE TRECHO PLANEJADO (km. 9.1),1.4,0,PLA,-,-,-,-,-,DF-415,E,DF,50,-15.6327931345097,-48.1178956399999,-15.6437268535094,-48.0799267619999,-15.63511169992432,-48.09814024946056,4.513873795542405,True,63.0,63.0,1180.0,1180.0,1.0,False,
430EDF0010,BALÃO DE ENTRADA DE BRAZLÂNDIA,ENTR. DF-445(A),5.5,PAV,TSD,-,-,4.485,-,DF-430,E,DF,10,-15.6664460735087,-48.1918713159999,-15.6677878065087,-48.1412798989999,-15.666922359947907,-48.166517670614375,5.658327935436658,True,61.0,61.0,745.0,745.0,1.0,False,
430EDF0030,ENTR. DF-445(A),ENTR. DF-445(B),0.2,PAV,TSD,445EDF0050,-,6.114,-,DF-430,E,DF,30,-15.6677878065087,-48.1412798999999,-15.6676861445087,-48.1393912789999,-15.6677369755087,-48.1403355894999,0.210545659431256,True,61.0,61.0,745.0,745.0,1.0,False,
430EDF0050,ENTR. DF-445(B),ENTR. VC-527,3.2,PAV,TSD,-,-,6.114,-,DF-430,E,DF,50,-15.6676861445087,-48.1393912789999,-15.6713653785086,-48.1103026709999,-15.666871766868146,-48.12426222561514,3.3732088405076706,True,59.0,59.0,771.0,771.0,1.0,False,
430EDF0070,ENTR. VC-527,DF-001 (EPCT),2.4,PAV,TSD,-,-,6.114,-,DF-430,E,DF,70,-15.6713653785086,-48.1103026709999,-15.6772554515085,-48.0896341929999,-15.675190060133342,-48.10074039161202,2.5356553828229327,True,61.0,61.0,745.0,745.0,1.0,False,
435EDF0010,ENTR. BR-080/BR-251,ENTR. VC-547,1.2,PAV,TSD,-,-,1.270,-,DF-435,E,DF,10,-15.7122606525075,-48.19878581,-15.7093029725075,-48.1880877059999,-15.7107818125075,-48.19343675799995,1.2355883161950816,True,57.0,57.0,214.0,214.0,1.0,False,
435EDF0030,ENTR. VC-547,ENTR. DF-445/INICIO DE TRECHO PLANEJADO (km. 3.5),3.0,PAV,TSD,-,-,1.270,-,DF-435,E,DF,30,-15.7093029725075,-48.1880877059999,-15.7047743015076,-48.1679848729999,-15.706554353593384,-48.17813830901913,2.298108653561128,True,53.0,53.0,231.0,231.0,1.0,False,
435EDF0050,ENTR. DF-445/INICIO DE TRECHO PLANEJADO (km. 3.5).7.6,4,1,PLA,-,-,-,-,-,DF-435,E,DF,50,-15.7047743015076,-48.1679848719999,-15.7046041885077,-48.1279461569999,-15.709179685465358,-48.14669779628763,4.931815264141206,True,60.0,60.0,492.0,492.0,1.0,False,
435EDF0070,FIM DE TRECHO PLANEJADO (km. 7.6),0.4,4,IMP,-,-,-,82,-,DF-435,E,DF,70,-15.7046041885077,-48.1279461569999,-15.6971364925079,-48.0884302979999,-15.700658969076754,-48.10824558962344,4.48084017997453,True,63.0,63.0,1180.0,1180.0,1.0,False,
440EDF0010,ENTR. BR-010/BR-020/ BR-030,ENTR. DF-442,1.0,PAV,CA,-,-,13.682,FZ- 73,DF-440,E,DF,10,-15.6816647765083,-47.8374025669999,-15.6892708155081,-47.8342036539999,-15.686135744971612,-47.83753610462141,1.0532829309536738,True,67.0,67.0,441.0,441.0,1.0,False,
440EDF0012,ENTR. DF-442,ENTRADA DO COND. RK (km. 2.1).1,1,PAV,CA,-,-,13.682,-,DF-440,E,DF,12,-15.6892708155081,-47.8342036539999,-15.692972837508,-47.825890226,-15.69135525816983,-47.83014959380894,1.0151098731017814,True,64.0,64.0,461.0,461.0,1.0,False,
440EDF0030,ENTRADA DO COND. RK (km. 2.1),8.1,7,PAV,-,-,-,112,FZ-73,DF-440,E,DF,30,-15.692972837508,-47.825890226,-15.6957130765079,-47.8101607229999,-15.694523277087418,-47.81801374170845,1.7911866884458767,True,64.0,64.0,461.0,461.0,1.0,False,
440EDF0050,ENTR. VC-249,ENTR. VC-263,4.4,PAV,-,-,-,112,FZ-73,DF-440,E,DF,50,-15.6957130765079,-47.8101607229999,-15.7239672295071,-47.7813319229999,-15.710053989597908,-47.79591741761383,4.504752320884456,True,67.0,67.0,441.0,441.0,1.0,False,
440EDF0070,ENTR. VC-263,ENTR. VC-257,4.5,PAV,CA,-,-,3.274,FZ-73,DF-440,E,DF,70,-15.7088515505076,-47.7584894859999,-15.7093024085075,-47.7586162029999,-15.71725669557913,-47.77658218767422,8.282229962892014,True,62.0,62.0,853.0,853.0,1.0,False,
440EDF0090,ENTR. VC-257,ENTR. DF-330,5.4,PAV,TSD,-,-,3.274,FZ-73,DF-440,E,DF,90,-15.6978792505078,-47.7628667759999,-15.6602476945089,-47.7578152559999,-15.678664974021698,-47.77253775720181,5.5233727575518845,True,63.0,63.0,828.0,828.0,1.0,False,
440EDF0110,ENTR. DF-330,ACESSO A BR-010/ BR-020/BR-030 (SLU),3.5,PAV,TSD,-,-,10.363,FZ-73,DF-440,E,DF,110,-15.6602476945089,-47.7578152559999,-15.6542834045091,-47.7829499059999,-15.65248140640796,-47.76989293828,3.573006898115913,True,62.0,62.0,853.0,853.0,1.0,False,
442EDF0010,ENTR. DF-440,ENTR. DF-001 (EPCT),0.5,PAV,CA,-,-,13.555,-,DF-442,E,DF,10,-15.6892708155081,-47.8342036539999,-15.693796059508,-47.8349603539999,-15.691560120848315,-47.83447937424285,0.5138290920909071,True,57.0,57.0,28.0,28.0,1.0,False,
442EDF0030,ENTR. DF-001 (EPCT),ENTR. DF-005 (EPPR),4.9,PLA,-,-,-,-,-,DF-442,E,DF,30,-15.693796059508,-47.8349603539999,-15.7184022505073,-47.8611407599999,-15.70565693882175,-47.84796909897662,4.112137139192211,True,55.0,55.0,1340.0,1340.0,1.0,False,
444EDF0010,ENTR. DF-330,ENTR. DF-128,1.8,PLA,-,-,-,-,-,DF-444,E,DF,10,-15.692615015508,-47.7022875079999,-15.6793200025084,-47.692850044,-15.686387208432649,-47.69705542203089,1.8436331782494104,False,,,,,,,"400: {""error"":""Point too far from nearest existing segment."",""httpStatusCode"":400,""detailedError"":{""code"":""INVALID_REQUEST"",""message"":""Point too far from nearest existing segment.""}}"
445EDF0010,ENTR. BR-080/BR-251,ENTR. DF-435,2.9,PAV,TSD,-,-,2.050,-,DF-445,E,DF,10,-15.7310056215069,-48.1677376609999,-15.7047745225076,-48.1679844449999,-15.717869128573088,-48.16802166950164,2.92542397427037,True,60.0,60.0,496.0,496.0,1.0,False,
445EDF0030,ENTR. DF-435,ENTR. DF-430(A),5.3,PAV,TSD,-,-,2.050,-,DF-445,E,DF,30,-15.7047745225076,-48.1679844449999,-15.6676865165087,-48.1393912589999,-15.687440897038142,-48.15061562216231,5.465241622223986,True,60.0,60.0,496.0,496.0,1.0,False,
445EDF0070,ENTR. DF-430(B),ENTR. VC-527,1.8,IMP,-,-,-,557,-,DF-445,E,DF,70,-15.6677881215087,-48.1412798819999,-15.6510020055092,-48.1422531479999,-15.65939506350895,-48.1417665149999,1.8717687120614397,True,47.0,47.0,807.0,807.0,1.0,False,
445EDF0090,ENTR. VC-527,ENTR. DF-415,2.2,IMP,-,-,-,557,-,DF-445,E,DF,90,-15.6510020055092,-48.1422531479999,-15.6341599915097,-48.1432296549999,-15.642580998503949,-48.14274140140501,1.878001728003064,True,47.0,47.0,807.0,807.0,1.0,False,
445EDF0110,ENTR. DF-415,ENTR. DF-220,3.2,IMP,-,-,-,557,-,DF-445,E,DF,110,-15.6341599915097,-48.1432296549999,-15.6012102345106,-48.1509473009999,-15.616627984219315,-48.142783916836045,4.08775430648527,True,49.0,49.0,774.0,774.0,1.0,False,
451EDF0010,ENTR. BR-070,FIM DO TRECHO DUPLICADO,1.0,DUP,TSD,-,-,4.661,-,DF-451,E,DF,10,-15.7839342855054,-48.1291296379999,-15.7748331495057,-48.1291173429999,-15.779418163152368,-48.12962951213565,1.0271565195395396,True,50.0,50.0,439.0,439.0,1.0,False,
451EDF0020,FIM DO TRECHO DUPLICADO,ENTR. VC-561,1.5,PAV,,,,4.874,,DF-451,E,DF,20,-15.7748331495057,-48.1291173429999,-15.7612159435061,-48.127599045,-15.768024648961797,-48.12835727538855,1.5252608553602585,True,50.0,50.0,439.0,439.0,1.0,False,
451EDF0030,ENTR. VC-561,ENTR. BR-080/BR-251,3.6,PAV,TSD,-,-,-,-,DF-451,E,DF,30,-15.7612159435061,-48.127599045,-15.729281469507,-48.1240427609999,-15.745248706506551,-48.12582090299995,3.576921008320156,True,50.0,50.0,439.0,439.0,1.0,False,
455EDF0010,ENTR. DF-130,ENTR. VC-413,5.7,IMP,-,-,-,125,FZ-39,DF-455,E,DF,10,-15.7813344435055,-47.6463979129999,-15.799600982505,-47.6004199359999,-15.786861617055552,-47.62299213937903,5.781090245990342,True,70.0,70.0,1313.0,1313.0,1.0,False,
455EDF0030,ENTR. VC-413,ENTR. DF-120,4.3,IMP,-,-,-,125,FZ-39,DF-455,E,DF,30,-15.799600982505,-47.6004199359999,-15.8145698365046,-47.5696963629999,-15.811123208639591,-47.5857455331646,4.178986577186297,True,70.0,70.0,1313.0,1313.0,1.0,False,
456EDF0010,ENTR. DF-001 (EPCT),ENTR. BR-479/DF-250,5.6,DUP,-,-,-,-,-,DF-456,E,DF,10,-15.7760428825057,-47.7754714199999,-15.762698964506,-47.7322767219999,-15.769160941613029,-47.75406060659172,5.31322650275057,True,60.0,60.0,1090.0,1090.0,1.0,False,
459EDF0010,ACESSO A CEILÂNDIA (VIA DE LIGAÇÃO CENTRO NORTE),ACESSO A SAMAMBAIA (2ª AVENIDA NORTE),2.6,DUP,-,-,-,29.624,-,DF-459,E,DF,10,-15.8440438945037,-48.104602327,-15.8648121595032,-48.0930920519999,-15.853442784886632,-48.09781797031177,2.7550776222741384,True,41.0,41.0,654.0,654.0,1.0,False,
463EDF0010,ENTR. DF-001 (EPCT),SÃO SEBASTIÃO,3.9,DUP,CA,-,-,25.116,DF-135,DF-463,E,DF,10,-15.8853899475026,-47.8219579109999,-15.8971768925023,-47.7870716959999,-15.889064144457938,-47.8032239498806,4.319882221725699,True,45.0,45.0,847.0,847.0,1.0,False,
465EDF0010,ENTR. DF-001 (EPCT),PRESÍDIO DA PAPUDA,4.3,PAV,CA,-,-,2.360,DF-12,DF-465,E,DF,10,-15.8997556335022,-47.8195522299999,-15.9186517935016,-47.7857235919999,-15.907849233938466,-47.801375704584885,4.440752593902793,True,87.0,87.0,924.0,924.0,1.0,False,
473EDF0010,SÃO SEBASTIÃO,ENTR. BR-251,3.0,PAV,TSD,-,-,4.975,DF-135,DF-473,E,DF,10,-15.9149683865018,-47.7602561729999,-15.9377385885011,-47.7497171759999,-15.927089448868276,-47.75695102559818,2.9088690963594224,True,45.0,45.0,842.0,842.0,1.0,False,
475EDF0010,ACESSO AO GAMA,ENTR. VC-351,2.3,PAV,TSD,-,-,21.366,FZ-76,DF-475,E,DF,10,-16.0026617404993,-48.0756729099999,-15.9843331084998,-48.0746327129999,-15.99326145627857,-48.07708007989788,2.2157538780203923,True,54.0,54.0,550.0,550.0,1.0,False,
475EDF0030,ENTR. VC-351,ENTR. VC-341,4.0,PAV,TSD,-,-,21.366,FZ-76,DF-475,E,DF,30,-15.9843331074998,-48.0746327129999,-15.9535728205006,-48.0488007919999,-15.966698575212634,-48.065093789955945,4.658165250390551,True,55.0,55.0,544.0,544.0,1.0,False,
475EDF0050,ENTR. VC-341,ENTR. BR-251/DF-001,1.1,PAV,TSD,-,-,25.577,FZ-76,DF-475,E,DF,50,-15.9535728205006,-48.0488007919999,-15.9453817765009,-48.0382605429999,-15.950776520370152,-48.042504430069805,1.543322497540835,True,54.0,54.0,550.0,550.0,1.0,False,
480EDF0010,GAMA,ENTR. VC-361,1.9,DUP,CA,-,-,38.888,DF-16,DF-480,E,DF,10,-15.9982397404994,-48.0589759129999,-15.9871044454998,-48.0441438319999,-15.993342501509971,-48.051104052958,2.0809161500856765,True,78.0,78.0,421.0,421.0,1.0,False,
480EDF0030,ENTR. VC-361,ENTR. BR-251/DF- 001(EPCT)/DF- 065(EPIP),3.4,DUP,CA,-,-,43.414,DF-16,DF-480,E,DF,30,-15.9871044454998,-48.0441438319999,-15.9660987445004,-48.0207063509999,-15.9766015950001,-48.0324250914999,3.5035836642452063,True,72.0,72.0,317.0,317.0,1.0,False,
483EDF0010,GAMA,ENTR. VC-361,1.2,DUP,CA,-,-,17.168,-,DF-483,E,DF,10,-16.0018693654993,-48.0532382709999,-16.0078589474991,-48.035839371,-16.00688191370581,-48.04516071646253,2.1165152694790432,True,60.0,60.0,306.0,306.0,1.0,False,
483EDF0030,ENTR. VC-361,ENTR. AV. ALAGADOS (SANTA MARIA),3.2,DUP,CA,-,-,16.619,-,DF-483,E,DF,30,-16.0078589474991,-48.035839371,-16.015688484499,-48.016310491,-16.012261686273543,-48.02623725785217,2.374800398653806,True,52.0,52.0,349.0,349.0,1.0,False,
495EDF0010,ENTR.BR-040/BR-050,FERROVIA CENTRO ATLÂNTICO FCA,2.9,PAV,CA,-,-,1.824,FZ-86,DF-495,E,DF,10,-16.0266621704987,-47.9792457879999,-16.0339246344984,-47.9531158569999,-16.03024452320461,-47.96616445762344,3.0196621039669287,True,67.0,67.0,523.0,523.0,1.0,False,
495EDF0030,FERROVIA CENTRO ATLÂNTICO - FCA,FIM DE TRECHO PAVIMENTADO (km 11.6).6.8,7,PAV,CA,-,-,1.824,FZ-86,DF-495,E,DF,30,-16.0339246344984,-47.9531158569999,-16.0421401594982,-47.9090631259999,-16.044462480062816,-47.93087942029719,6.004654700886633,True,70.0,70.0,1000.0,1000.0,1.0,False,
001EDF0370,ACESSO II A SAMAMBAIA / 3º DR,ENTR. DF-075 (EPNB),2.8,DUP,CA,-,251BDF0620,52.590,-,DF-001,E,DF,370,-15.8781281025028,-48.0515168429999,-15.8759157095029,-48.0277590289999,-15.874127880826162,-48.0401875989508,2.795579072690688,True,65.0,65.0,24.0,24.0,1.0,False,
001EDF0390,ENTR. DF-075 (EPNB),ENTR. DF-085 (EPTG)/ TAGUATINGA,5.7,DUP,CA,-,251BDF0630,42.104,-,DF-001,E,DF,390,-15.8759157095029,-48.0277590289999,-15.8318508795041,-48.0503347109999,-15.85406331957403,-48.0394756553715,5.520745984745971,True,52.0,52.0,753.0,753.0,1.0,False,
125EDF0110,(km. 10.0) ENTR. BR- 251(A),7.1,2,PAV,TSD,-,251BDF0515,615,-,DF-125,E,DF,110,-15.9988847734994,-47.5633516699999,-15.9903712624997,-47.5744431139999,-15.996306798131936,-47.57013399531909,1.6413536978304932,True,80.0,80.0,841.0,841.0,1.0,False,
250EDF0010,ENTR. BR- 479(A)/ DF-001 (EPCT)/ DF-015 (EPTM),ENTR. DF-456,4.５,DUP,TSD,-,479BDF0132 B,22.114,DF-6,DF-250,E,DF,10,-15.7583728565062,-47.7781039579999,-15.762695863506,-47.7322776739999,-15.75290670649627,-47.754417549698246,5.552016715204578,True,62.0,62.0,1054.0,1054.0,1.0,False,
250EDF0030,ENTR. DF-330,ENTR. DF-130,4.8,PAV,TSD,-,A 479BDF0130,8.055,DF-6,DF-250,E,DF,30,-15.7409887555066,-47.6991670329999,-15.727419614507,-47.6605030609999,-15.735145282162888,-47.67907676707184,4.759053552804001,True,62.0,62.0,1054.0,1054.0,1.0,False,
250EDF0070,ENTR. DF-353,ENTR. DF-320,0.8,PAV,CA,-,479BDF0116 A,2.124,DF-6,DF-250,E,DF,70,-15.7176459535073,-47.5783224799999,-15.7140939475074,-47.5709075899999,-15.715869950173422,-47.574615035158544,0.9152463426762872,True,86.0,86.0,839.0,839.0,1.0,False,
250EDF0130,ENTR. VC-133,ENTR. DF-110,2.7,PAV,CA,-,479BDF0110,2.115,DF-6,DF-250,E,DF,130,-15.6877281405081,-47.5163072319999,-15.6874047935081,-47.4895721089999,-15.682531540587757,-47.50307872083043,3.200581178913659,True,86.0,86.0,839.0,839.0,1.0,False,
250EDF0250,ENTR. DF-100,ENTR. VC-159,4.0,IMP,-,-,479BDF0094,311,DF-6,DF-250,E,DF,250,-15.7157320975074,-47.3908340559999,-15.7217174685072,-47.3542123409999,-15.718755026724574,-47.37252688934325,4.131099760946126,True,70.0,70.0,1375.0,1375.0,1.0,False,
270EDF0070,(km. 3.4) ENTR. DF- 120(A),9.2,0,IMP,-,120EDF0150,-,531,-,DF-270,E,DF,70,-15.9280859855014,-47.537276232,-15.9246538375015,-47.5201029609999,-15.92636991150145,-47.52868959649995,1.9495335182345968,True,80.0,80.0,841.0,841.0,1.0,False,
